자치구,브랜드,지점명,소재지,latitude,longitude
종로구,CU,광화문광장점,서울특별시 종로구 신문로1가 1-1번지,37.5704807,126.9761834
종로구,CU,내자중앙점,서울특별시 종로구 내자동 61-1번지,37.5762968,126.9721561
종로구,CU,대학로광장점,서울특별시 종로구 혜화동 93번지,37.5860467,127.0013856
종로구,CU,동대문역점,서울특별시 종로구 창신동 464-16번지,37.5712577,127.0109839
종로구,CU,동숭아트점,서울특별시 종로구 동숭동 28번지,37.5831662,127.0038384
종로구,CU,마로니에점,서울특별시 종로구 연건동 78-2번지,37.578413,127.001919
종로구,CU,명륜성대점,서울특별시 종로구 명륜4가 187번지,37.5825421,126.9987685
종로구,CU,종로공원점,"서울 종로구 율곡로271,(종로6가) 1층",37.5709015,127.0070572
종로구,CU,종로삼청점,서울특별시 종로구 삼청동 22번지,37.5871106,126.9818114
종로구,CU,종로신교점,서울특별시 종로구 신교동 36번지 수만빌리지,37.5836934,126.9696423
종로구,CU,종로중앙점,서울특별시 종로구 관철동 14-10번지,37.5696989,126.9859123
종로구,CU,종로배화점,서울특별시 종로구 필운동41번지,37.5779637,126.9675036
종로구,CU,종로국악당점,서울특별시 종로구 와룡동25번지,37.5767779,126.9908906
종로구,CU,종로원서점,서울특별시 종로구 원서동45번지,37.5828355,126.9893358
종로구,CU,평창북악점,서울특별시 종로구 평창동97-9번지,37.6116207,126.974757
종로구,CU,종로행촌점,서울특별시 종로구 행촌동210-113번지,37.5750409,126.9619386
종로구,GS25,상명사랑,서울 종로구 홍지동 94-2 1층,37.6001569,126.9585319
종로구,GS25,종로누하,서울 종로구 필운대로 39(누하동 57-2),37.579673,126.9692219
종로구,GS25,종로도렴점,서울 종로구 도렴동 110-1번지 103호,37.5730367,126.9740729
종로구,미니스톱,종로북촌점,서울특별시 종로구 계동(가회동) 115-1,37.580293,126.9840428
종로구,미니스톱,종로육의전점,서울특별시 종로구 종로2가(종로1.2.3.4가동) 44,37.5741642,126.9897294
종로구,미니스톱,종로효제점,서울특별시 종로구 종로6가(종로5.6가동) 238-6,37.5730662,127.0044068
종로구,미니스톱,종로6가점,서울특별시 종로구 종로6가(종로5.6가동) 247-1,37.5730662,127.0044068
종로구,미니스톱,동대문역점,서울특별시 종로구 창신동(창신1동) 154-1,37.579406,127.015114
종로구,미니스톱,종로충신점,서울특별시 종로구 충신동(종로5.6가동) 52-2,37.574082,127.006292
종로구,세븐일레븐,성대점 B,명륜동2가 135,35.2176114,129.084941
종로구,세븐일레븐,종로배화점,서울 종로구 필운동 163,37.5771707,126.9694447
종로구,세븐일레븐,종로인사점,인사동 131-101,37.5713896,126.9870195
종로구,세븐일레븐,혜화점,혜화동 111-7,37.585815,127.0005857
종로구,세븐일레븐,세븐일레븐 평창점,서울시 종로구 평창동 343-1,37.6069519,126.965858
종로구,세븐일레븐,세븐일레븐 대학로카페점,서울시 종로구 동숭길 143 1층 101호,37.5832572,127.0024464
중구,CU,남대문로5가점,서울특별시 중구 남대문로5가 84-6번지,37.5575572,126.9733986
중구,CU,남대문점,서울특별시 중구 남대문로3가 85번지,37.561163,126.9776493
중구,CU,명동화이자점,서울특별시 중구 회현동3가 1-9번지,37.5605425,126.9843695
중구,CU,순화점,서울특별시 중구 순화동 1-104번지,37.5643647,126.9689094
중구,CU,중구필동점,서울 중구 서애로21 1층,37.5604061,126.9974344
중구,CU,중구회현점,서울특별시 중구 회현동1가 190번지,37.5592042,126.9798687
중구,CU,청구대로점,서울특별시 중구 신당동 336-3번지,37.5592923,127.0128412
중구,CU,청구역점,서울특별시 중구 신당동 387-3번지,37.5609962,127.0120686
중구,GS25,북창,서울 중구 북창동 98,37.5621999,126.9775384
중구,GS25,신당삼성,서울 중구 신당동 843 삼성@ 2동B 101호,37.5581685,127.0178958
중구,미니스톱,서울시청역점,서울특별시 중구 서소문동(소공동) 21-1,37.5641137,126.9811843
중구,미니스톱,남산점,서울특별시 중구 남산동2가(명동) 27-1,37.5586557,126.9858488
중구,미니스톱,신당점,서울특별시 중구 신당동(약수동) 348-152,37.5513128,127.0109839
중구,미니스톱,약수역점,서울특별시 중구 신당동(약수동) 368-67,37.5513128,127.0109839
중구,미니스톱,동대후문점,서울특별시 중구 충무로5가(필동) 85-4,37.5628465,126.9996461
중구,세븐일레븐,남대문본점,남대문로5가6-23 24번지,37.5581953,126.9731077
중구,세븐일레븐,남대문점,남대문로5가 21-1번지 신남문 빌딩,37.5590079,126.9748867
중구,세븐일레븐,남산쌍용점,회현동2가87 B-102호,37.5594019,126.9832186
중구,세븐일레븐,동대입구역점,서울시 중구 장충동2가 193-239,37.5589284,127.0026601
중구,세븐일레븐,명동본점,을지로2가 195-3번지 한양빌딩 103호,37.5648873,126.984497
중구,세븐일레븐,명동성당점,명동2가2-17,37.5637655,126.9857095
중구,세븐일레븐,명동포스트타워점,충무로1가소공로 66 101호,37.5670615,126.9927283
중구,세븐일레븐,서소문점 B,서소문동 57-7 대건빌당 101,37.5628744,126.9724091
중구,세븐일레븐,중구스카이점,충무로2가62-10 청방빌딩 1층,37.5613826,126.9872174
중구,세븐일레븐,중구초동점,초동16-9,,
중구,세븐일레븐,중국대사관점,서울특별시 중구 명동2가 남대문로 68  1층2층,37.56311549999999,126.9822097
중구,세븐일레븐,충무퇴계점,충무로4가 132-3,37.5616555,126.9950742
중구,GS25,숭례문점,"서울 중구 남대문로 7 (남대문로4가 17-10, 흥국생명남대문2호별관1층)",37.56084269999999,126.9765685
중구,GS25,버티고개역점,"서울 중구 동호로17길 295, 1층 일부 (신당동 366-440)",37.5483231,127.006994
중구,GS25,청계천패션점,"서울 중구 청계천로 318, 가동 1층 53호 (신당동 217-92, 동평화의류상가)",37.5694499,127.013328
중구,CU,중구약수점,서울특별시 중구 신당동347-332번지,37.5557471,127.0123558
중구,세븐일레븐,세븐일레븐 무교점,서울 중구 무교동 21-3(정오빌딩),37.5670487,126.9793908
중구,세븐일레븐,세븐일레븐 충정로2호점,서울 중구 중림동 244 충정로 삼성APT 상가 103,37.5572954,126.9655633
중구,세븐일레븐,세븐일레븐 남산2호점,서울 중구 예장동 8-35,37.5594414,126.9882487
중구,세븐일레븐,세븐일레븐 중구황학동점,서울 중구 황학동 마장로 89,37.5684949,127.019835
용산구,CU,숙대도서관점,서울특별시 용산구 청파동3가 114-3번지,37.5441641,126.9668054
용산구,CU,신용산점,서울특별시 용산구 한강로2가 93-4번지 108호,37.5318881,126.9708242
용산구,CU,용산보광점,서울특별시 용산구 보광동 22-1번지,37.52710829999999,127.0025044
용산구,CU,용산신창점,서울특별시 용산구 신창동 59-4번지,37.5352715,126.955654
용산구,CU,용산원효로점,서울특별시 용산구 원효로4가 117-8번지,37.5327597,126.9521268
용산구,CU,용산자이점 ,서울특별시 용산구 삼개로 60,37.5350071,126.9472312
용산구,CU,용산한강로점,서울특별시 용산구 한강로2가 2-11번지 한강로대우아이빌,37.5316778,126.9688047
용산구,CU,용산한강진,서울 용산구 이태원로 54길 11,37.5379134,127.0021614
용산구,CU,용산한남점,서울특별시 용산구 한남동 795-2번지 102호,37.5424234,127.0026856
용산구,CU,용산해방촌점,서울특별시 용산구 용산동2가 39-16번지,37.5419221,126.9871708
용산구,CU,원효대로점,서울특별시 용산구 원효로3가 56-4번지,37.5336441,126.9582851
용산구,CU,원효로2가점,서울특별시 용산구 원효로2가 61-7번지,37.5349649,126.9633556
용산구,CU,이태원햇살점,서울특별시 용산구 이태원동 368-4번지,37.5368836,126.9887314
용산구,CU,이태원힐점,서울특별시 용산구 이태원동 20-5번지,37.5315156,126.9967394
용산구,CU,한강로벽산점,서울특별시 용산구 한강로2가 2-8번지 벽산메가트리움 104동 201호,37.5321357,126.9697278
용산구,CU,동부이촌점,서울특별시 용산구 이촌동300-23번지 한강맨숀,37.5193297,126.9750267
용산구,GS25,용산그린,서울특별시 용산구 갈월동 53-19그린빌파크101-B,37.5455178,126.9739188
용산구,GS25,한강이촌2호점,서울특별시 용산구 이촌로72길 62 (이촌동 302-17),37.51725210000001,126.9705778
용산구,GS25,한강이촌1호점,서울특별시 용산구 이촌동 362-1번지,37.5152521,126.981733
용산구,미니스톱,서울역점,서울특별시 용산구 청파로 395,37.554863,126.9687355
용산구,미니스톱,용산시티점,서울특별시 용산구 서빙고로 35,37.525111,126.9691452
용산구,미니스톱,원효로점,서울특별시 용산구 원효로53길 8,37.5360543,126.9621369
용산구,미니스톱,동부이촌점,"서울특별시 용산구 이촌로 303 현대A 제21동 제104호-나호, 제105호-가호",37.5185916,126.9808381
용산구,세븐일레븐,산천점,"서울특별시 용산구 산천동 77-4, 78-1, 79",37.5344124,126.951698
용산구,세븐일레븐,용산만리재점,서울특별시 용산구 서계동 237-7,37.5532396,126.964804
용산구,세븐일레븐,용산아이파크몰점,서울특별시 용산구 한강로3가40-999 IPark Mall 3층 980호,37.529557,126.9641567
용산구,세븐일레븐,용산아크로타워점,서울특별시 용산구 문배동 24-21 용산아크로타워 103,37.5367533,126.9685517
용산구,세븐일레븐,용산후암진흥점,서울특별시 용산구 후암동 105-64,37.5485477,126.9775586
용산구,세븐일레븐,한남UN점,서울특별시 용산구 한남동 28-11,37.5342721,127.0101175
용산구,세븐일레븐,세븐일레븐 청파제일점,서울특별시 용산구 청파로73길 7 1층,37.549794,126.969246
용산구,세븐일레븐,세븐일레븐 보광우사단로점,서울특별시 용산구 보광동 238-1,37.5305789,126.9974226
용산구,세븐일레븐,세븐일레븐 용산서부이촌점,서울특별시 용산구 이촌로14길 11-6 101호,37.5270531,126.9543232
용산구,세븐일레븐,세븐일레븐 숙대사랑점,서울특별시 용산구 청파동2가 청파로 47나길 35,37.5464438,126.9674036
성동구,CU,마장현대점," 마장로 39길36(마장동, 안민빌딩109호)",37.5681119,127.0436936
성동구,CU,성동금호점, 장터길34(금호동4가1192),37.5480912,127.0195819
성동구,CU,성동신한점," 고산자로269(도선동, 신한넥스텔 102호)",37.5632824,127.0329086
성동구,CU,왕십리도선점, 무학로2길41(도선동148),37.5628919,127.0343243
성동구,CU,왕십리한양점, 마조로1길32(행당동 4-11),37.5602443,127.0394679
성동구,CU,금호두산점, 행당로35(금호1가동128-1),37.5559728,127.0234732
성동구,GS25,성수햇살, 성덕정길128(성수2가 223-11),37.536509,127.0575943
성동구,GS25,한양여대, 사근동10길16(사근동 190-11),37.5603824,127.0490768
성동구,GS25,상왕십리역점," 왕십리로 지하 374, 207-02호(하왕십리동, 상왕십리역)",37.5645,127.028872
성동구,GS25,한양대후문점, 사근동길10(행당동 16-15),37.5602099,127.0422308
성동구,GS25,행당벽산점," 행당로6길 2, 1층101,102호  (금호동1가, 종합사회복지관상가동)",37.5543445,127.025839
성동구,미니스톱,용답중앙점, 용답9길7-1(용답동152-9),37.5652514,127.0508077
성동구,미니스톱,성동도선점, 왕십리로20길26(도선동4-3),37.5640073,127.035589
성동구,미니스톱,뚝섬점, 상원8길1(성수1가 13-104),37.5489175,127.048284
성동구,미니스톱,디지털타워점, 성수일로4길25(성수2가 308-4),37.542575,127.0519572
성동구,미니스톱,성수2가점, 광나루로238(성수2가289-1),37.544577,127.055991
성동구,세븐일레븐,성수영동교점, 성덕정길145(성수동2가 228-1),37.5365627,127.0595544
성동구,세븐일레븐,왕십리제일점, 무학봉15가길7(하왕십리동985-9),37.5610984,127.0302925
성동구,세븐일레븐,한양본점, 마조로5길8(행당동 4-27),37.5601491,127.0402289
광진구,CU,화양중앙점,서울특별시 광진구 능동로13길 69(화양동 33-40),37.544706,127.0690955
광진구,CU,화양사거리점,서울특별시 광진구 동일로 174(화양동23-7),37.5477001,127.0714694
광진구,CU,세종대학생회관점,"서울특별시 광진구 능동로 209, 세종대학 생 학생회관 내(군자동 98) ",37.54926990000001,127.0741029
광진구,CU,중곡빌리지점,서울특별시 광진구 용마산로3길 32(중곡동121-43),37.5561954,127.0862094
광진구,CU,중곡3동,서울시 광진구 면목로17길 6(중곡동 559-4),37.5705712,127.0828139
광진구,CU,장신대점,서울특별시 광진구 광장로 71-1(광장동 285-7),37.5477346,127.105116
광진구,CU,구의크레신점,"서울특별시 광진구 아차산로 375, 크레신타워3차(구의동 246-14)",37.5370435,127.0843831
광진구,CU,자양명성점,서울특별시 광진구 뚝섬로 620(자양동 606-17),37.5322163,127.0784415
광진구,CU,자양태성점,"서울특별시 광진구 뚝섬로34길 25-19, 현대10차홈타운 상가동 101호(자양동 792) ",37.5334492,127.0704997
광진구,CU,자양리안점,서울 광진구 동일로18길 11(자양동 24-5),37.541383,127.0638667
광진구,GS25,건국,서울 광진구 광나루로24길 14(화양동 495-17),37.545657,127.0762465
광진구,GS25,건대수정,서울 광진구 능동로13길 15(화양동 11-1),37.542787,127.0709054
광진구,GS25,화양한아름,서울 광진구 군자로3길 14(화양동 15-20),37.544674,127.0704441
광진구,GS25,군자행운,서울 광진구 군자로 141(군자동 48-24),37.5543277,127.0748064
광진구,GS25,건대호수,서울 광진구 아차산로39길 16(자양동 225-90),37.5387629,127.076811
광진구,GS25,자양스타,서울 광진구 자양로13길 47(자양동 631),37.5341451,127.0819108
광진구,GS25,자양강변,서울 광진구 뚝섬로52라길 3(자양동 639-11),37.5299083,127.078801
광진구,미니스톱,구의명성점,광진구 아차산로51길 62 (구의동 248-138) ,37.541112,127.0861188
광진구,세븐일레븐,건대예술점,서울 광진구 능동로 143(화양동 3-21),37.5435958,127.0720377
광진구,세븐일레븐,건대제일점,서울 광진구 동일로22길 59(화양동 47-67),37.5417172,127.0676461
광진구,씨스페이스,중곡2점, 서울시 광진구 능동로 442 (중곡동 29-56),37.554937,127.0919282
광진구,씨스페이스,중곡대원점, 서울시 광진구 용마산로8가길 25 (중곡동 147-42),37.5607529,127.088605
광진구,씨스페이스,터미널점, 서울시 광진구 강변역로 50 (구의동 546-1),37.5339173,127.0935856
동대문구,CU,경동사거리점,서울특별시 동대문구 용두동 52-1,37.5774709,127.0374553
동대문구,CU,경동시장점,서울특별시 동대문구 용두동 24-1,37.57795050000001,127.0388037
동대문구,CU,고대어진재점,서울특별시 동대문구 회기로 14 1층,37.5909693,127.0379118
동대문구,CU,답십리대림점,서울특별시 동대문구 답십리동 765,37.5709008,127.0648744
동대문구,CU,답십리매트로점,서울특별시 동대문구 답십리동 497-1,37.56948240000001,127.0503437
동대문구,CU,신설교보점,서울특별시 동대문구 신설동 98-32번지 교보재단빌딩,37.5758751,127.0248828
동대문구,CU,신설베르빌점,서울특별시 동대문구 신설동 97-8번지 102호,37.5745946,127.0263487
동대문구,CU,용두래미안점,"서울특별시 동대문구 천호대로27길 8-5, (용두동) 1층",37.5744852,127.037577
동대문구,CU,용두안암점,서울특별시 동대문구 용두동 233-14번지,37.577797,127.0279574
동대문구,CU,용두으뜸점,서울특별시 동대문구 용두동 730-1번지,37.5812442,127.0278127
동대문구,CU,용두허브리츠점,서울특별시 동대문구 용두동 792-3번지 삼성래미안허브리츠단지 상가 101호,37.5752697,127.0360276
동대문구,CU,이문독구말,서울특별시 동대문구 이문동 299-7,37.59781419999999,127.0630425
동대문구,CU,장안쉐르빌점,서울특별시 동대문구 장안동 385-1번지,37.5714764,127.0691816
동대문구,CU,제기원룸점,서울시 동대문구 제기로6길 4(제기동 138-14),37.5862048,127.0343762
동대문구,CU,회기역점,서울특별시 동대문구 휘경동 319-13번지,37.589759,127.0568131
동대문구,CU,장안포레스트점,서울특별시 동대문구 장안동466-5번지 장안푸르미에,37.5613296,127.0698218
동대문구,CU,용두대박점,서울특별시 동대문구 용두동102-117번지,37.5757518,127.0324587
동대문구,GS25,답십리한신,"서울 동대문구 한천로17길 23, 1층(답십리2동 4-73)",37.5699133,127.0628028
동대문구,GS25,동대문용두,서울 동대문구 천호대로31길 50(용두동 39-419),37.5756079,127.0414255
동대문구,GS25,동대문장안,서울특별시 동대문구 장안동 305-1,37.5751317,127.0716373
동대문구,GS25,장안스타,서울 동대문구 천호대로89길 16(장안1동 458-1),37.5624157,127.0684913
동대문구,GS25,장안햇살,"서울 동대문구 장한로17길 9 (장안1동 375-8, 장안동공감대빌딩)",37.5675807,127.0680075
동대문구,GS25,전농삼성,"서울 동대문구 사가정로13가길 29, 1층(전농2동 53-21)",37.5795331,127.0596125
동대문구,GS25,제기정화,"서울 동대문구 제기로20길 32, 정화슈퍼(제기동 314)",37.58518530000001,127.0414784
동대문구,GS25,경희프라자점,"서울 동대문구 경희대로 23, 문화복지시설 101호 (회기동 1-5, 전면플라자)",37.5967122,127.0513948
동대문구,GS25,동대문신설점,서울특별시 동대문구 한빛로 24(신설동 25-1),37.577673,127.0256815
동대문구,GS25,동대문구청점,서울특별시 동대문구 고산자로28길 39,37.5749679,127.0404775
동대문구,GS25,휘경럭키,서울 동대문구 전농로38길 89 (휘경동 312-11),37.5879016,127.0562276
동대문구,미니스톱,장안벤처빌점,서울특별시 동대문구 장안동(장안1동) 374-11,37.5688166,127.0687843
동대문구,미니스톱,장안쉐르빌점,서울특별시 동대문구 장안동(장안1동) 384-3,37.570722,127.0695265
동대문구,미니스톱,장안3점,서울특별시 동대문구 장안동(장안1동) 403-1,37.5653941,127.0633059
동대문구,미니스톱,경희대정문점,서울특별시 동대문구 회기동(회기동) 39-4,37.5935136,127.0524889
동대문구,미니스톱,휘경주공점,서울 동대문구 휘경동 57-3 주공아파트 상가 103호,37.5831738,127.0686403
동대문구,세븐일레븐,경희대2호점,서울특별시 동대문구 회기동 16-92,37.5916201,127.0528859
동대문구,세븐일레븐,경희대3호점,서울특별시 동대문구 이문2동 264-326,37.5976714,127.0606828
동대문구,세븐일레븐,고대로데오점,서울특별시 동대문구 제기동137-37,37.5881595,127.0355112
동대문구,세븐일레븐,동대문경남점,서울특별시 동대문구 장한로22길 19  (장안동),37.5694857,127.0714444
동대문구,세븐일레븐,동대문답십리점,서울특별시 동대문구 답십리동 244-1,37.5731802,127.057218
동대문구,세븐일레븐,서울이문로점,서울특별시 동대문구 이문로 203  1층,37.604633,127.0617724
동대문구,세븐일레븐,신설3호점,서울특별시 동대문구 신설동 76-25,37.5763997,127.0244588
동대문구,세븐일레븐,신제기점,서울 동대문구 제기동 1158-33,37.578691,127.0331402
동대문구,세븐일레븐,외대앞역점,서울특별시 동대문구 이문동 82-13,37.5953844,127.0633413
동대문구,세븐일레븐,장안썬앤빌점,서울특별시 동대문구 장한로 91  1층 109호(장안동 373-3),37.5691797,127.0693603
동대문구,세븐일레븐,장안장평점,서울특별시 동대문구 장안동359-1,37.5659407,127.0695098
동대문구,세븐일레븐,장안해피트리점,서울특별시 동대문구 장안동 천호대로79길 30 1층,37.5637543,127.063287
동대문구,세븐일레븐,전농점,서울특별시 동대문구 전농동 645상가 101.102,37.5755241,127.0453333
동대문구,세븐일레븐,경희기숙사점,서울특별시 동대문구 이문동 346-5,37.5942588,127.0565347
동대문구,GS25,답십리청마루점,서울특별시 동대문구 답십리로59길 6,37.573021,127.0658614
중랑구,CU,면목중앙점,서울특별시 중랑구 면목동 409-47번지,37.5844806,127.0889376
중랑구,CU,면목행복점,서울특별시 중랑구 면목동 104-14번지,37.5887134,127.0910171
중랑구,CU,상봉듀오트리스점,서울특별시 중랑구 상봉2동 79-2번지,37.5941146,127.0836206
중랑구,CU,망우행복점,서울특별시 중랑구 망우동135-4번지 대원빌라,37.5929623,127.1023783
중랑구,CU,묵동먹골역점,서울특별시 중랑구 묵동172-26번지 영광주택 101호,37.613328,127.0788457
중랑구,GS25,망우금호,"서울특별시 중랑구 망우로 504, 1층",37.6002575,127.1080005
중랑구,GS25,망우으뜸,서울특별시 중랑구 망우로68길 56(망우동),37.5975068,127.1009065
중랑구,GS25,망우제일,서울특별시 중랑구 용마산로112길 37 (망우본동 366-4),37.6124235,127.1026093
중랑구,GS25,망우한마음,"서울특별시 중랑구 용마산로99길 9, 1층 코너(망우3동 531-24)",37.5918678,127.0974557
중랑구,GS25,면목사랑,"서울특별시 중랑구 면목로56길 30(면목3.8동 428-4, 햇님놀이방)",37.583868,127.0899581
중랑구,GS25,면목서일,서울특별시 중랑구 용마산로94길 31 (면목3.8동 46-12),37.587867,127.0964921
중랑구,GS25,면목한신,서울특별시 중랑구 면목동 178-30,37.5883978,127.0768267
중랑구,GS25,봉화산역,"서울특별시 중랑구 신내동 646 금강리빙스텔 104,105호",37.6118464,127.0949754
중랑구,GS25,사가정스타,서울특별시 중랑구 면목동 497-16,37.5818453,127.0881022
중랑구,GS25,중랑동부,"서울특별시 중랑구 신내로7가길 35, 상가동 104,105호 (상봉1동 495, 동부건영아파트)",37.6020164,127.093634
중랑구,GS25,중랑신내,서울특별시 중랑구 봉화산로56길 60(신내1동 410-9),37.6061272,127.0981226
중랑구,GS25,중랑팰리스점,서울특별시 중랑구 망우로 312-1,37.5969587,127.0903436
중랑구,GS25,용마파크,"서울특별시 중랑구 용마산로 248, 제B02호,제B03호(면목7동 1502-2)",37.5752265,127.088498
중랑구,GS25,중랑지웰,"서울특별시 중랑구 면목로69길 16, 101동 103호",37.58722390000001,127.0866405
중랑구,GS25,중화다미소점,"서울특별시 중랑구 동일로136길 10, 102~4호(중화1동 286-22, 청원다미소)",37.6020024,127.0799916
중랑구,GS25,상봉뉴월드점,"서울특별시 중랑구 망우로30길 3,  1층 110호(상봉2동 130-3, 뉴월드극장상가)",37.5932324,127.0746815
중랑구,미니스톱,상봉점,서울특별시 중랑구 상봉동(상봉2동) 88-25,37.5957314,127.0901791
중랑구,미니스톱,신내점,서울특별시 중랑구 신내동(신내1동) 613-71,37.6126006,127.1008186
중랑구,세븐일레븐,망우2호점,서울특별시 중랑구 망우동 183 1층,37.6026664,127.1076326
중랑구,세븐일레븐,망우점,서울특별시 중랑구 망우동 340-22,37.6006002,127.1033422
중랑구,세븐일레븐,면목2호점,서울특별시 중랑구 면목동 618-1,37.5797996,127.0887537
중랑구,세븐일레븐,면목로데오점,서울특별시 중랑구 면목동 185-9 1층,37.5923393,127.0766441
중랑구,세븐일레븐,면목한신점,서울특별시 중랑구 겸재로3길 5  1층(면목동),37.5862043,127.0763616
중랑구,세븐일레븐,상봉2점,서울특별시 중랑구 망우로50길 25  (상봉동),37.5959817,127.0893573
성북구,CU,고려대안암병원점,서울특별시 성북구 안암동5가 126-1번지,37.5871445,127.0269854
성북구,CU,동덕우체국점,서울특별시 성북구 하월곡동 73-21번지,37.6066684,127.0407654
성북구,CU,성북로데오점,서울특별시 성북구 동선동1가 100번지,37.5926293,127.0177476
성북구,CU,성북삼선점,서울 성북구 삼선교로 16길 48,37.5861597,127.0108192
성북구,CU,성북점,서울특별시 성북구 성북동 184-48번지,37.5906826,127.004346
성북구,CU,성신여대역점,서울특별시 성북구 동소문동6가 116번지,37.5926783,127.0156328
성북구,CU,정릉청수점,서울특별시 성북구 정릉동 966-101번지,37.6172263,127.0025601
성북구,CU,종암행복점,서울특별시 성북구 종암동 34-6번지,37.594077,127.0342516
성북구,CU,보문좋은점,서울특별시 성북구 보문동2가75-15번지,37.5850514,127.0181454
성북구,GS25,고대종암,서울 성북구 종암동 31-46,37.5921461,127.0344191
성북구,GS25,길음뉴타운,"서울 성북구 삼양로13길 45, 111,112호(길음동 1281-6, 길음뉴타운)",37.610678,127.0197293
성북구,GS25,길음본,서울 성북구 길음로 33,37.6075609,127.0179449
성북구,GS25,성북동진,서울 성북구 종암동 10-178 동진상가 107호,37.5950263,127.0362085
성북구,GS25,성북한천로,서울 성북구 석관동 124-34,37.6108561,127.0630213
성북구,GS25,성신미디어,"서울 성북구 보문로32길 69, 1층 (동선동2가 142-3)",37.5906191,127.0199494
성북구,GS25,성신여대,서울 성북구 보문로34길 88 (동선동2가 154),37.5912546,127.0201518
성북구,GS25,성신행운,"서울 성북구 보문로30가길 12, 1층 (안암동1가 47-2)",37.5892269,127.0203423
성북구,GS25,정릉대우,서울 성북구 정릉동 413-16,37.6059047,127.0114318
성북구,GS25,한성대,서울 성북구 삼선동1가 266 1층,37.5866176,127.0095212
성북구,GS25,동덕여대사랑,"서울 성북구 화랑로13길 42, 101호",37.6051346,127.0417856
성북구,GS25,성북석관,"서울 성북구 돌곶이로 46, 1층",37.6082975,127.059894
성북구,GS25,석관미소,"서울 성북구 돌곶이로8바길 39, 1층 (석관동 67-18)",37.6089296,127.0637291
성북구,GS25,성북장위,"서울 성북구 화랑로33길 39, 1층(장위2동 66-9)",37.61187,127.0545422
성북구,GS25,성북희망점,서울 성북구 삼선교로18나길 26(삼선동5가 73-3),37.5878626,127.0143851
성북구,미니스톱,상월곡역점,서울 성북구 석관2동  341-16,37.6074583,127.0510786
성북구,미니스톱,장위중앙점,서울특별시 성북구 장위동(장위1동) 231-590,37.6150948,127.0449382
성북구,미니스톱,장위점,서울특별시 성북구 장위동(장위1동) 238-122,37.6150948,127.0449382
성북구,미니스톱,정릉서경대점,서울특별시 성북구 정릉동(정릉4동) 266-390,37.6169926,127.0038156
성북구,미니스톱,안암역점,서울특별시 성북구 안암동5가(안암동) 100-9,37.586296,127.029137
성북구,세븐일레븐,보문점,보문동7가 23-27,37.5808033,127.0223275
성북구,세븐일레븐,삼선동점,서울 성북구 삼선동4가 204-3,37.59038390000001,127.0138312
성북구,세븐일레븐,성북구청후문점,서울 성북구 삼선동5가 409번지,37.5894068,127.0173767
성북구,세븐일레븐,성북성신점,보문로34다길 31,37.5926419,127.0209011
성북구,세븐일레븐,성신여대정문점,서울특별시 성북구 동선동3가 234번지 101호,37.5915333,127.0203543
성북구,세븐일레븐,월곡삼양점,서울특별시 성북구 하월곡동 오패산로17길 40,37.6079388,127.0338696
성북구,세븐일레븐,정릉대로점,서울특별시 성북구 정릉로 326 1층(정릉동),37.602029,127.0193561
성북구,세븐일레븐,정릉이수점,서울 성북구 정릉동 45-39 1층,37.5992156,127.0177147
성북구,세븐일레븐,세븐일레븐 석관중학교점,서울시 성북구 한천로 509 101-102호,37.60626140000001,127.0657236
성북구,세븐일레븐,세븐일레븐 돈암하늘채점,서울시 성북구 돈암동 535 돈암코오롱하늘채아파트 상가동 102호,37.5998247,127.0122039
성북구,씨스페이스,장위점, 서울시 성북구 장위동(장위1동) 238-198,37.6150948,127.0449382
성북구,씨스페이스,정릉3점, 서울시 성북구 정릉동(정릉3동) 372-7 ,37.6118869,126.9983258
성북구,세븐일레븐,성북성신여고점,서울시 성북구 동소문로26가길 40 1층,37.594792,127.0211699
강북구,CU,강북삼양점,강북구 미아동 734-286번지,37.62171319999999,127.0220004
강북구,CU,미아대양점,강북구 미아동 138-68번지 미아대양점,37.6185638,127.0301929
강북구,CU,미아동부점,강북구 미아동 450-64번지,37.6151388,127.0270218
강북구,CU,미아삼양점,강북구 미아동 838-8번지,37.6201927,127.0183857
강북구,CU,미아창문점,강북구 미아동 8-144번지,37.61381859999999,127.0378804
강북구,CU,번동센트로힐점,"강북구 한천로120길 2, 제103호,104호",37.6354986,127.0364759
강북구,CU,삼양중앙점,강북구 미아동 791-1622번지,37.6255318,127.0163125
강북구,CU,수유번동점,강북구 번동 461-80번지,37.639415,127.0287574
강북구,CU,수유행복점,강북구 수유동 281-40번지,37.6472705,127.0134051
강북구,GS25,미아한솔,강북구 도봉로67길 50(삼양동 791-17),37.629775,127.0218336
강북구,GS25,수유우이,강북구 수유동 409 창성빌딩,37.6315553,127.0175194
강북구,GS25,수유동양점,"강북구 도봉로83길 20, 1층, 102,103,104호",37.6377376,127.0237614
강북구,GS25,수유광산,강북구 노해로27길 21 (수유동 252-40),37.6452984,127.0223933
강북구,미니스톱,미아솔매점,강북구 미아동(미아동) 217-2,37.6303546,127.0236104
강북구,미니스톱,미아삼성점,강북구 미아동(삼각산동) 693,37.6174656,127.0174811
강북구,미니스톱,번동스타점,강북구 번동(번1동) 412-52,37.6366524,127.0315721
강북구,미니스톱,수유역점,강북구 번동(번1동) 446-1,37.637438,127.0261563
강북구,미니스톱,수유사랑점,강북구 번동(번1동) 447-51,37.6367018,127.0258451
강북구,미니스톱,수유대한점,강북구 수유동(수유3동) 1-60,37.6364131,127.0222937
강북구,미니스톱,수유점,강북구 수유동(수유3동) 223-1,37.6388954,127.0230705
강북구,미니스톱,수유인텔리안점,강북구 수유동(수유3동) 230-7,37.6364302,127.0234099
강북구,세븐일레븐,미아래미안점,강북구 삼양로19길 25 107동 지하 1층 3-2호,37.6139419,127.0207264
강북구,세븐일레븐,번동제일점,강북구 번동526-13,37.6342954,127.030402
강북구,세븐일레븐,수유2호점,강북구 수유동 338-6,37.642565,127.0166533
강북구,세븐일레븐,수유래미안점,강북구 수유동 730 수유삼성아파트 가동 112호,37.644776,127.0178801
강북구,세븐일레븐,수유벽산점,강북구 수유동 36-1번지 1층 ,37.6408831,127.0197249
강북구,세븐일레븐,수유아라점,강북구 수유동 252-122,37.644203,127.022839
강북구,세븐일레븐,수유으뜸점,강북구 미아3동160-11,37.6281999,127.0262498
강북구,세븐일레븐,수유점,강북구 수유동 47-4,37.6348933,127.0220534
강북구,세븐일레븐,수유제일점 B,강북구 미아동 162-48,37.633062,127.0243915
강북구,세븐일레븐,수유테마점 B,강북구 번동 464-1번지 1층 1호,37.6413292,127.0296304
강북구,세븐일레븐,수유빨래골점,강북구 삼양로 73길 36 (수유동),37.6307321,127.0169024
강북구,세븐일레븐,수유본점,강북구 수유동 50-1,37.63358729999999,127.021754
강북구,세븐일레븐,미아성우점,강북구 삼양로 24길 19 101동 상가 103호,37.617204,127.0221045
강북구,씨스페이스,미아3점,강북구 미아동 304-20,37.6260281,127.0257586
강북구,GS25,미아캐슬점,강북구 오현로 56,37.6174691,127.0365853
도봉구,CU,덕성여대점,서울특별시 도봉구 쌍문동 423-7번지,37.6516581,127.0135763
도봉구,CU,도봉가든점,서울특별시 도봉구 도봉동 554-16번지 호정빌라트,37.6869355,127.0406582
도봉구,CU,방학중앙점,서울특별시 도봉구 방학동 619번지,37.6664649,127.0323692
도봉구,CU,쌍문꽃동네점,서울특별시 도봉구 쌍문동 460-234번지,37.6516301,127.02343
도봉구,CU,쌍문정의점,서울특별시 도봉구 쌍문동 79-15번지,37.6522908,127.0353105
도봉구,CU,쌍문제일점,서울특별시 도봉구 쌍문동 294-38번지,37.6498977,127.0238486
도봉구,CU,쌍문중앙점,서울특별시 도봉구 쌍문동 122-53번지,37.6484309,127.0312369
도봉구,CU,쌍문프라자점,도봉구 해등로25길 32 한양프라자,37.6564692,127.0328505
도봉구,CU,창동미소점,서울특별시 도봉구 창동 254-23번지,37.6533321,127.0452295
도봉구,CU,창동중앙점,서울특별시 도봉구 창동 674-27번지,37.6461463,127.0375596
도봉구,CU,창동푸르지오점,서울특별시 도봉구 창동 603-73번지,37.6421631,127.0387845
도봉구,CU,창동프라자점,서울특별시 도봉구 창동 5-1번지 KING프라자,37.65255399999999,127.0489165
도봉구,CU,창동현대점,서울특별시 도봉구 창동 815번지 현대아이2차아파트,37.6588953,127.0419832
도봉구,GS25,방학,서울 도봉구 방학2동 603-28,37.6681232,127.0342708
도봉구,GS25,쌍문보람,서울 도봉구 쌍문동 667 1층,37.65619290000001,127.0374067
도봉구,GS25,창동성원점,서울 도봉구 도봉로 106길 86,37.6448655,127.0375241
도봉구,GS25,방학명문,"서울 도봉구 도당로 133, 1층 (방학동 657-12)",37.6674877,127.0411239
도봉구,GS25,쌍문성원,"서울 도봉구 시루봉로 88, 14(쌍문4동 248-2, 성원프라자)",37.65874790000001,127.0280759
도봉구,세븐일레븐,도봉방학점,도봉구 방학동 도당로27길 43 1층,37.6693078,127.0407938
도봉구,세븐일레븐,도봉산길점,서울특별시 도봉구 도봉산길 12  ,37.6875925,127.0444239
도봉구,세븐일레븐,도봉창2동점,서울특별시 도봉구 도봉로108길 84  1층(창동),37.6456351,127.0385688
도봉구,세븐일레븐,방학신우점,방학동 665,37.662866,127.0331042
도봉구,세븐일레븐,창동3호점,서울 도봉구 창동 38-2,37.6456937,127.0538448
도봉구,세븐일레븐,창동점,창동 593-12,37.6432764,127.0380622
도봉구,세븐일레븐,세븐일레븐 쌍문점,서울시 도봉구 쌍문동 423-19번지,37.6515728,127.0129899
도봉구,세븐일레븐,세븐일레븐 도봉하늘채점,서울시 도봉구 쌍문동 우이천로 367,37.6533557,127.0271003
노원구,GS25,노원석계역,서울 노원구 월계동 68-65 1층,37.61664,127.0645638
노원구,세븐일레븐,광운대후문점,월계동411-13,37.6212402,127.0610959
노원구,GS25,월계주공,"서울 노원구 월계로45길 28, 1층
(월계2동 562, 월계아파트형공장)",37.6269404,127.0512537
노원구,세븐일레븐,월계초안점,서울특별시 노원구 덕릉로60길 234  ,37.6305171,127.0450218
노원구,GS25,월계성원,"서울 노원구 마들로3길 37, 104호
(월계3동 322-1, 성원아파트4단지)",37.6294153,127.062514
노원구,세븐일레븐,중계8단지점,중계동362-3 중계8단지주공@ 상가동 105호,37.6465101,127.0744279
노원구,CU,하계을지병원점,서울시 노원구 하계1동 170-41,37.6393637,127.0751344
노원구,CU,하계한신점,서울특별시 노원구 하계동 256-13번지,37.6398509,127.0739204
노원구,CU,공릉마중점,서울특별시 노원구 공릉동 568-1번지,37.6230477,127.0731349
노원구,GS25,공릉행복,"서울 노원구 동일로190길 26, 1층
 (공릉1동 502-3)",37.6255766,127.0747978
노원구,GS25,공릉풍림,"서울 노원구 섬밭로 134(공릉1동 727, 풍림아파트114동105호,106호)",37.6284092,127.0692533
노원구,세븐일레븐,공릉점,공릉동 633-15,37.6193465,127.0778318
노원구,CU,공릉건설점,서울특별시 노원구 공릉동 408-4번지,37.626444,127.0788963
노원구,CU,서울여대후문,서울 노원구 공릉동 120-5,37.6239954,127.089699
노원구,세븐일레븐,공릉금강점,서울특별시 노원구 공릉동 공릉로38길 17,37.6233302,127.0804386
노원구,CU,상계한신점,"서울특별시 노원구 상계동 994번지
 명안빌딩",37.6716067,127.0580143
노원구,CU,노원상계중앙점,서울특별시 노원구 상계동1008-34번지,37.6741059,127.0569101
노원구,GS25,상계현대,"서울 노원구 동일로237길 46, 1층
(상계1동 1048-6)",37.6736727,127.0528512
노원구,GS25,노원아이파크,"서울 노원구 상계로23다길 13-8, 101동
 118,119호(상계2동 1318, 노원아이파크)",37.659775,127.0691524
노원구,GS25,상계으뜸,서울 노원구 노원로28길 73(상계2동 183),37.6550087,127.0709305
노원구,세븐일레븐,노원순복음점,상계동322-56,37.656476,127.0679365
노원구,세븐일레븐,노원중앙점 B,상계동 323-9,37.6558386,127.0653415
노원구,CU,상계주공점,서울특별시 노원구 상계동 763-6번지,37.6486893,127.0618793
노원구,세븐일레븐,노원역점,"서울특별시 노원구 동일로217가길 11 102,103호",37.6534592,127.059882
노원구,세븐일레븐,노원제일점 B,서울특별시 노원구 상계동  711-13 제1층중1층  ,37.6550933,127.0599595
노원구,세븐일레븐,상계4호점,상계동 735-6,37.6532766,127.0590564
노원구,CU,상계현대점,"서울특별시 노원구 상계동 
단대아파트상가 107, 108호",37.67299089999999,127.0703498
노원구,세븐일레븐,당고개공원점,서울 노원구 상계동 상계로 283 (1층상가),37.6692489,127.0777009
노원구,CU,상계계상점,서울특별시 노원구 상계동 443-9번지,37.6619787,127.0684225
노원구,GS25,노원상계역,서울 노원구 한글비석로20길 46(중계4동 138-1),37.6610612,127.0745846
노원구,세븐일레븐,중계은행점,중계동359-15 102호,37.6508775,127.0756868
노원구,CU,중계주공,"서울 노원구 한글비석로 8길 41
주공아파트 1층 101호",37.6486525,127.0783076
노원구,세븐일레븐,중계은행사거리점,중계동366-6,37.6509746,127.0771635
노원구,CU,하계동 대진점,서울특별시 노원구 공릉로58길 149(하계동),37.6352968,127.0748962
은평구,gs25,불광타운,"서울 은평구 연서로 289, 1층",37.6216513,126.9261315
은평구,GS25,은평불광,"서울 은평구 연서로 274, 1층",37.6205593,126.9250968
은평구,세븐일레븐,연신내행복점,서울시 은평구 불광동 312-129,37.620079,126.9216208
은평구,세븐일레븐,불광중앙점,서울특별시 은평구 통일로78길 12-4  (불광동),37.6173407,126.9338465
은평구,GS25,녹번,서울 은평구 녹번동 117-61,37.6073438,126.9324215
은평구,세븐일레븐,응암중앙점,서울특별시 은평구 응암동 745-16 정훈빌딩 1층,37.5870521,126.9201328
은평구,CU,응암에이스점,서울특별시 은평구 응암동732-9번지 응암동  상가 1층,37.5853023,126.9183913
은평구,세븐일레븐,응암제일점,서울시 은평구 응암동 579-7,37.5935206,126.9168626
은평구,GS25,응암역,서울 은평구 역촌동 85-41 리더스파크 109호,37.5992885,126.9153352
은평구,세븐일레븐,구산연서로점,서울시 은평구 연서로9길14(구산동),37.6104032,126.9135234
은평구,GS25,구산가온,"서울 은평구 서오릉로17길 17, 1층 (구산동 368-55)",37.6134992,126.9083911
은평구,GS25,불광래미안,"서울 은평구 불광동 1-200 북한산래미안 상가동 지층 1,2호",37.6113998,126.9385322
은평구,gs25,불광힐스테이트,"서울 은평구 통일로 796, 116, 117호",37.6165312,126.9266862
은평구,GS25,숭실학원,"서울 은평구 은평터널로7길 2, 상가 지하 2호",37.5927416,126.9063182
은평구,GS25,신사드림,"서울 은평구 갈현로4길 26, 1층",37.601122,126.9130528
은평구,세븐일레븐,신사행운점,서울 은평구 신사동 12-15,37.5996154,126.9074908
은평구,GS25,역촌진흥,"서울 은평구 진흥로1길 49, 1층(역촌동 23-1)",37.6048299,126.9181723
은평구,세븐일레븐,연신내점,서울 은평구 불광동 301-23,37.6172296,126.9232786
은평구,미니스톱,연신내동명점,서울특별시 은평구 대조동(대조동) 196-8,37.6170452,126.9217929
은평구,GS25,연신내제일,"서울 은평구 연서로26길 11, 1층 (대조동 196-25, 유진빌딩)",37.6168657,126.9208889
은평구,gs25,연신내으뜸점,"서울 은평구 연서로28길 6, 1층(대조동 198-3)",37.61813360000001,126.9206391
은평구,gs25,불광역점,"서울 은평구 통일로 750 (불광1동 267-1, 경일빌딩)",37.6124101,126.9286358
은평구,GS25,구파발어울림,서울 은평구 진관3로 15-35,37.6449551,126.9237157
은평구,gs25,은평뉴타운,"서울 은평구 진관2로 77, 206동 B108호",37.6345633,126.9275683
은평구,gs25,은평진관,"서울 은평구 진관4로 37, 101호",37.6451951,126.9249265
은평구,gs25,은평영화,"서울 은평구 연서로27길 14, 1층 (갈현2동 454-27, 영화빌딩)",37.6181673,126.9180142
은평구,gs25,갈현파크,"서울 은평구 갈현로25길 14, 1층 101호",37.61750139999999,126.9136289
은평구,gs25,선정송이,서울특별시 은평구 서오릉로 20길 20-1,37.6172028,126.9095024
은평구,gs25,은평보람,"서울 은평구 연서로21길 24-1, 1층(갈현2동 486-22)",37.6153605,126.9152319
은평구,CU,은평구산점,서울특별시 은평구 갈현동463-18번지 건물 코너 1층,37.6142784,126.9172533
서대문구,CU,독립문극동,독립문공원길 17 독립문극동아파트(현저동) 103동 옆 상가,37.5720344,126.9567674
서대문구,CU,충정로점,경기대로48(충정로2가 188-1),37.565917,126.9641984
서대문구,CU,연희삼거리점,연희로 126(연희동),37.5687593,126.9326903
서대문구,CU,연희영웅점,연희맛로 38(연희동),37.5681789,126.9311898
서대문구,CU,연희성산점,연희로5길 66(연희동),37.56571040000001,126.9255176
서대문구,GS25,연희햇살,가좌로 31(연희동),37.5772601,126.9320163
서대문구,미니스톱,홍제역점,통일로37길 18(홍제동),37.5875857,126.9439175
서대문구,CU,홍제햇살점,통일로39길 22(홍제동),37.5881315,126.9430836
서대문구,CU,홍제금호점,홍제동451-18번지(홍제동),37.745299,128.8714818
서대문구,CU,북가좌증산교점,증가로 264(북가좌동),37.584083,126.9112222
서대문구,CU,북가좌1동점,거북골로 223(북가좌동),37.5797386,126.9066746
서대문구,GS25,북가좌제일,거북골로 170(북가좌동),37.5766699,126.9114767
서대문구,GS25,북가좌은가,증가로12나길 101(북가좌2동),37.582684,126.919905
서대문구,GS25,신촌연세,연세로11길 16(창천동),37.559045,126.9358991
서대문구,GS25,연대2,연세로9길 8(창천동),37.5585889,126.9364676
서대문구,미니스톱,연대점,연세로4길 12(창천동),37.5569974,126.937875
서대문구,CU,연세동문점,연대동문길 26(대신동),37.5635689,126.9438173
서대문구,GS25,연대동문,봉원사길6 화인빌딩 1층(대신동),37.5669836,126.9467566
서대문구,GS25,이화여대,이화여대길 52 이화여자대학교 ECC 지하 4층(대현동),37.5618588,126.9468339
서대문구,미니스톱,이대역점,이화여대길 7(대현동),37.5572343,126.9457002
서대문구,세븐일레븐,이대APM점,이화여대3길 6(대현동),37.5581169,126.9454591
마포구,CU,마포구청점,서울시 마포구 월드컵로 139 (망원동),37.5602994,126.9059111
마포구,CU,마포마이다스점,서울시 마포구 월드컵로 36길 18 삼라마이다스 101호,37.5662423,126.9033872
마포구,CU,마포중동점,"서울시  마포구 성암로3길 14,1층(중동)",37.5689119,126.9110737
마포구,CU,망원2동점,서울특별시 마포구 망원동 431-43번지,37.5586869,126.9002036
마포구,CU,망원역점,서울시 마포구 월드컵로 83 (망원동),37.5561771,126.9096064
마포구,CU,망원월드컵점,서울시 마포구 망원로 95,37.5579853,126.9072742
마포구,CU,상암4단지점,서울시 마포구 월드컵북로 381 (상암동) 111,37.577686,126.8886889
마포구,CU,서교3호점,서울특별시 마포구 서교동 370-18번지,37.55251750000001,126.9193343
마포구,CU,서교중앙점,서울특별시 마포구 서교동 459-1번지,37.5557949,126.915366
마포구,CU,서교타워점,서울시 마포구 양화로 133,37.5553054,126.92098
마포구,CU,신촌그랜드점,서울특별시 마포구 노고산동 56-74번지,37.5539651,126.9339392
마포구,CU,신합정공원점,서울특별시 마포구 합정동 395-1번지,37.5501739,126.9081167
마포구,CU,아현뉴타운점,서울특별시 마포구 마포대로 195 상가4동,37.5555928,126.9536568
마포구,CU,염리대흥점,서울특별시 마포구 염리동 155-11번지,37.5470098,126.9444298
마포구,CU,한강시민공원점,서울특별시 마포구 망원동 462-14번지,37.55571,126.8978069
마포구,CU,합정태양점,서울특별시 마포구 합정동 412-8번지,37.5484725,126.9178624
마포구,CU,홍대3호점,서울특별시 마포구 서교동 328-13번지,37.5550354,126.929
마포구,CU,연남파크점,서울특별시 마포구 연남동256-6번지,37.5628043,126.9227247
마포구,CU,공덕센트럴점,서울특별시 마포구 신공덕동12-6번지 2층 201호,37.5454783,126.9556373
마포구,GS25,마포도화,서울 마포구 도화 344,37.5409175,126.9492071
마포구,GS25,망원중앙,서울 마포구 성산동 260-39,37.5595404,126.9072576
마포구,GS25,상암9단지,"서울 마포구 상암동 1752상암월드컵파크9단지104,5호",37.5833058,126.8785092
마포구,GS25,서교본,서울 마포구 동교로17안길 51 (서교동 448-25),37.5565726,126.9187427
마포구,GS25,연남공원,서울 마포구 연남동 257-23,37.5619297,126.9232486
마포구,GS25,연남타운,서울 마포구 월드컵북로6길 69(연남동 567-11),37.5597715,126.9217747
마포구,GS25,홍대동교,서울 마포구 동교동 154-1,37.5590739,126.9248283
마포구,GS25,도화정진점,"서울 마포구 도화4길 88, 1층 (도화동 347-60)",37.5384802,126.9506089
마포구,GS25,합정본점,"서울 마포구 양화로 59, 1층 우측면 (서교동 393-5)",37.5506416,126.9148716
마포구,GS25,상암7단지점,"서울 마포구 상암산로1길 92, 상가 101호 (상암동 1660, 월드컵파크7단지)",37.5817983,126.8814408
마포구,GS25,합정청마점,"서울 마포구 포은로 42, 1층(합정동 434-8)",37.55132580000001,126.907221
마포구,GS25,연남경성점,서울 마포구 성미산로 112(연남동 504-1),37.5620616,126.919576
마포구,세븐일레븐,당인동점,당인동 12-1,37.5474875,126.9199426
마포구,세븐일레븐,마포노고산점,노고산동 49-22,37.5556664,126.9340334
마포구,세븐일레븐,마포아크로타워점,도화동 563 마포아크로타워 101,37.5413152,126.9489731
마포구,세븐일레븐,마포연남점,연남동 252-1,37.5627439,126.9214088
마포구,세븐일레븐,망원대림점,망원동431-55,37.557637,126.8997898
마포구,세븐일레븐,상암DMC빌점,상암동 DMC부지내 A3블록 104,37.5777446,126.8921565
마포구,세븐일레븐,서교2점 B,서교동 351-9 승원빌딩 1층,37.55509720000001,126.9201977
마포구,세븐일레븐,서교2호점,"서교동 401-10, 8",37.5485166,126.918942
마포구,세븐일레븐,서교삼양점,서교동 394-67 삼양빌딩 1층,37.5500913,126.915976
마포구,세븐일레븐,합정역점,서교동 394,37.5499489,126.9153963
마포구,세븐일레븐,홍대클럽점 B,서교동 408-7 1층 코너,37.550094,126.9212984
양천구,CU,목4동점,목동중앙남로5길 46,37.5369286,126.8644525
양천구,CU,신월가로공원점,가로공원로 142,37.5361079,126.8317319
양천구,CU,신월장수공원점,월정로 15,37.5212536,126.8435204
양천구,CU,이대목동병원점,안양천로 1071 이대목동병원,37.53637940000001,126.8864324
양천구,CU,목동아카데미점,오목로 276-6,37.5249974,126.8678732
양천구,CU,목동하이페리온점,오목로 300 목동 현대 하이페리온2 204동,37.5243479,126.8699169
양천구,CU,신정중앙로점,오목로37길 22 비동,37.5269716,126.8560924
양천구,GS25,목동리치,목동중앙북로7가길 61 목동 RICH SQUARE,37.5497323,126.8641668
양천구,GS25,목동스위트,목동서로 65 목동가든스위트,37.536148,126.878813
양천구,GS25,신월태진,중앙로55길 28,37.5264272,126.8463518
양천구,GS25,신정성의,중앙로54길 21,37.5265754,126.8521066
양천구,세븐일레븐,목동점,목동동로 130 목동신시가지아파트14단지,37.5161905,126.8703376
양천구,세븐일레븐,신정2점,신월로 321,37.5217845,126.8564969
양천구,세븐일레븐,신정타운점,목동동로 50 목동신시가지아파트12단지 1201동,37.5132098,126.8603801
양천구,세븐일레븐,신월3호점,신월로 150,37.5170765,126.8405056
강서구,CU,,서울특별시 강서구 가양동 116-2번지,37.5670856,126.8424435
강서구,CU,,서울특별시 강서구 등촌동 631번지 103호,37.5574002,126.8613865
강서구,CU,,서울시 강서구 화곡3동 1036-35,37.5438889,126.8353089
강서구,CU,,서울특별시 강서구 화곡동 986-1번지,37.5504216,126.8473606
강서구,CU,,서울시 강서구 곰달래로53길 121 1층,37.5362855,126.8560271
강서구,GS25,,"서울 강서구 공항대로45가길 11, 1층 101호 (등촌1동 656-52, 강서메트로칸)",37.5560298,126.8537067
강서구,GS25,,서울 강서구 방화동 559-5,37.5724667,126.810024
강서구,GS25,,"서울 강서구 강서로47길 108,  102호(내발산동 742, 수명산파크1단지)",37.5543776,126.8302062
강서구,GS25,,서울 강서구 강서로8길 200 (화곡4동 791-12),37.5309242,126.8593352
강서구,GS25,,"서울 강서구 가로공원로 188, 1층 (화곡1동 372-2)",37.536874,126.8369271
강서구,GS25,,"서울 강서구 곰달래로49길 112, 1층 (화곡4동 465-8)",37.5360565,126.8550914
강서구,GS25,,서울 강서구 화곡동 981-15 1층,37.549686,126.8484911
강서구,GS25,,"서울 강서구 강서로18바길 2,  101호(화곡8동 155-28, 다솜하우스)",37.5352234,126.850161
강서구,GS25,,서울 강서구 화곡동 404-6 1층,37.5389261,126.8426088
강서구,GS25,,"서울 강서구 가로공원로76길 100, 1층(화곡1동 359-54)",37.5328129,126.8388239
강서구,GS25,,서울 강서구 화곡동 1098-9 1층,37.5532905,126.849979
강서구,GS25,,서울 강서구 화곡동 504-87 지층,37.5372066,126.8593867
강서구,GS25,,"서울 강서구 양천로6길 57, 상가동 101호 (방화2동 874, e편한세상아파트)",37.5700999,126.8081827
강서구,GS25,,"서울 강서구 양천로 401, A동 103호 (가양동 1498, 강서한강자이타워)",37.5678802,126.8510787
강서구,GS25,,"서울 강서구 방화대로6라길 26, 1층 (공항동 1349)",37.5561559,126.8185154
강서구,미니스톱,,서울특별시 강서구 화곡동(화곡1동) 898-1,37.5323421,126.8391507
강서구,미니스톱,,서울특별시 강서구 화곡동(화곡1동) 902-10,37.5323421,126.8391507
강서구,미니스톱,,서울특별시 강서구 화곡동(화곡본동) 98-253,37.5412865,126.8449375
강서구,세븐일레븐,,등촌동366-137,37.5491945,126.8605995
강서구,세븐일레븐,,등촌동696-1 새한프라자101호,37.5599229,126.845536
강서구,세븐일레븐,,공항동 1354-6,37.5550547,126.8168292
강서구,세븐일레븐,,"방화3동 831번지 105,106호",37.5770005,126.8146637
강서구,세븐일레븐,,방화동 830,37.57818880000001,126.8133025
강서구,세븐일레븐,,화곡동55-88,37.54090950000001,126.8484854
강서구,세븐일레븐,,서울특별시 강서구 화곡동 70-33,37.5450837,126.8450903
강서구,세븐일레븐,,화곡동353-1,37.5342984,126.8429432
강서구,세븐일레븐,,서울시 강서구 등촌동 683번지 ,37.5662195,126.8415546
강서구,세븐일레븐,,서울시 강서구 공항대로 41길 76 104호,37.5609419,126.8468399
강서구,GS25,,서울시 강서구 곰달래로88 ,37.5301428,126.8426318
강서구,GS25,,서울시 강서구 곰달래로16길 29,37.5287483,126.840403
강서구,GS25,,서울시 강서구 월정로 112 ,37.5291574,126.8390226
강서구,GS25,,서울시 강서구 강서로5나길 90 ,37.528538,126.8431904
강서구,GS25,,서울시 강서구 강서로17길 29,37.5325771,126.8441886
강서구,CU,,서울시 강서구 강서로7길 107,37.5288501,126.8419344
강서구,CU,,서울시 강서구 월정로 102,37.5283728,126.8395497
강서구,CU,,서울시 강서구 가로공원로84길 82,37.534131,126.841927
강서구,세븐일레븐,,서울시 강서구 월정로 116,37.5295671,126.8387897
강서구,세븐일레븐,,서울시 강서구 가로공원로76가길 76,37.5342984,126.8429432
강서구,세븐일레븐,,서울시 강서구 강서로17다길 2,37.5332789,126.8420731
구로구,CU,고척리가점,서울특별시 구로구 고척동 41-3번지,37.50690030000001,126.8626025
구로구,CU,구로포스큐,서울시 구로구 공원로11(구로동)1층 102호,37.4981728,126.8919851
구로구,CU,오류현대점,서울특별시 구로구 오류동 46-1번지 이좋은집,37.4949392,126.8420705
구로구,CU,한신IT타워점,서울특별시 구로구 구로동 235번지,37.4824969,126.8944527
구로구,CU,구로파트너점,서울특별시 구로구 구로동1128-3번지,37.4828932,126.8986621
구로구,CU,구로희망점,서울특별시 구로구 구로동197-13번지 이앤씨벤처드림타워5차,37.4855464,126.892519
구로구,CU,신세계I&C점,서울특별시 구로구 구로동197-12번지,37.4858893,126.8916385
구로구,GS25,고척세곡,서울 구로구 고척로33길 60 (고척2동 241-129),37.5052519,126.8480338
구로구,GS25,구로W타워,서울 구로구 구로동 615-3 STX-W타워 103호,37.5046472,126.875147
구로구,GS25,구로가리봉,서울 구로구 우마길 1 (가리봉동 122-21),37.4825719,126.8875582
구로구,GS25,구로개봉,서울 구로구 고척로19길 16(개봉1동 62-19),37.501978,126.8453409
구로구,GS25,구로문성,"서울 구로구 디지털로32가길 72, 101호 (구로3동 1129-18)",37.4805581,126.896992
구로구,GS25,구로미성,서울 구로구 신도림동 399 기임빌딩 101,37.5060959,126.87662
구로구,GS25,구로제일,서울 구로구 구로동 685-215 상가동 103,37.4920189,126.8758039
구로구,GS25,구로현대,서울 구로구 신도림동 641 1층 (現현대마트),37.5119718,126.8842545
구로구,GS25,신도림,서울 구로구 공원로6가길 52(구로5동 33-1),37.5036724,126.8900983
구로구,GS25,오류행운,서울 구로구 경인로15길 80-4 (오류1동 4-1),37.4972147,126.8370159
구로구,GS25,구로지벨리몰점,서울 구로구 디지털로 300 (구로3동 188-25),37.4848943,126.8965401
구로구,GS25,디큐브시티,"서울 구로구 경인로 662, 지하1층 편의점",37.5085845,126.8888977
구로구,GS25,구로사랑,"서울 구로구 경인로 661, 154호",37.5094204,126.8877437
구로구,GS25,구로이편한점,"서울 구로구 신도림로 16,  101호(신도림동 642, 대림2차)",37.5058446,126.8805908
구로구,GS25,구로경인점,"서울 구로구 경인로35길 38, 1층 (개봉동 149-20)",37.4989175,126.8543353
구로구,GS25,구로아울렛,"서울 구로구 경인로43길 18, 1층",37.4974369,126.8620958
구로구,GS25,개봉으뜸,"서울 구로구 경인로40길 41, 107호",37.4951454,126.8590741
구로구,GS25,구로미래,"서울 구로구 경인로 661, 1104호",37.5094204,126.8877437
구로구,GS25,고척,서울 구로구 경인로47길 10,37.5001718,126.8671812
구로구,미니스톱,천왕역점,서울특별시 구로구 오류동(오류2동) 183-8,37.4875869,126.8388101
구로구,미니스톱,구로구청점,서울특별시 구로구 구로동(구로2동) 84,37.4942566,126.8846869
구로구,미니스톱,구로공단역점,서울특별시 구로구 구로동(구로3동) 1124-44,37.4850442,126.8948988
구로구,미니스톱,구로지플러스점,서울특별시 구로구 구로동(구로3동) 1128-3,37.485221,126.900482
구로구,미니스톱,구로빌란트점,서울특별시 구로구 구로동(구로3동) 222-8,37.4850442,126.8948988
구로구,미니스톱,구로하이엔드점,서울특별시 구로구 구로동(구로3동) 235-2,37.4850442,126.8948988
구로구,미니스톱,구일역점,"서울 구로구 구일로10길 49 (구로동, 다원그린빌)102-2호",37.49576589999999,126.8744467
구로구,세븐일레븐,고척푸르지오점,고척동339-1,37.5070897,126.8595255
구로구,세븐일레븐,세븐일레븐 고척청마루점,서울시 구로구 중앙로 14길 31,37.5076151,126.8631189
구로구,세븐일레븐,세븐일레븐 구일역점,서울시 구로구 구일로 110,37.4950571,126.8720069
금천,CU,가산원룸점,서울특별시 금천구 시흥대로153길 42 (가산동),37.4771949,126.8960499
금천,CU,독산시장점,서울특별시 금천구 시흥대로138길 13 (독산동) ,37.4728646,126.8993992
금천,CU,시흥금빛점,서울특별시 금천구 금하로 657 (시흥동),37.4536416,126.9040119
금천,CU,독산AK점,서울특별시 금천구 독산로72길 50 (독산동),37.4683368,126.904554
금천,GS25,금천금하로,서울특별시 금천구 독산로29길 13,37.4560484,126.9047236
금천,GS25,금천왕창,서울특별시 금천구 독산로106길 19,37.4780541,126.9049335
금천,GS25,금천유진,서울특별시 금천구 가산로5길 66,37.4737318,126.8909874
금천,GS25,금천중앙,서울특별시 금천구 시흥대로 406,37.4696944,126.8983932
금천,GS25,금천태양,서울특별시 금천구 시흥대로141길 47 (독산동),37.4749615,126.8975153
금천,GS25,독산우림,서울특별시 금천구 가산디지털1로 2,37.4668304,126.8883257
금천,GS25,독산우정,서울특별시 금천구 독산로75길 34,37.4692636,126.9005597
금천,GS25,시흥별장,서울특별시 금천구 금하로24가길 4,37.4490861,126.9087044
금천,미니스톱,가산하이엔드점,서울특별시 금천구 벚꽃로 234 (가산동),37.475995,126.8861007
영등포구,CU,당산중앙점,서울특별시 영등포구 당산동6가 324-5번지,37.5355862,126.9024696
영등포구,CU,대림디지털,서울시 영등포구 대림1동 868-15,37.4937481,126.905172
영등포구,CU,문래한신점,서울특별시 영등포구 문래동3가77-2번지 문래공원한신아파트,37.5175671,126.8929792
영등포구,CU,선유도역점,서울특별시 영등포구 양평동5가 106-1번지,37.5399845,126.8942875
영등포구,CU,신길오피스점,서울특별시 영등포구 영등포동1가54번지,37.5173722,126.9132097
영등포구,CU,여의도솔로몬점,서울특별시 영등포구 여의도동 44-5번지 솔로몬투자증권,37.5206051,126.930449
영등포구,CU,여의도아이비점,서울특별시 영등포구 여의도동 43-4번지 롯데캐슬아이비,37.5200722,126.9318875
영등포구,CU,여의동산점,서울특별시 영등포구 여의도동41-2번지 대교상가 비-,37.5210888,126.9343245
영등포구,GS25,당산양남점,서울 영등포구 선유동1로 12-1(당산동2가 111),37.5232014,126.8918577
영등포구,GS25,대림본점,서울 영등포구 디지털로54가길 2(대림2동 1024-11),37.4888038,126.9029841
영등포구,GS25,대림성모,서울 영등포구 대림동 962-4 제3호,37.4910177,126.9075851
영등포구,GS25,대림역, 대림로29길 43 (대림3동 808-26),37.493792,126.8954739
영등포구,GS25,대림으뜸,서울 영등포구 대림3동 710,37.4944808,126.8983162
영등포구,GS25,동여의,서울 영등포구 여의도동 45-13외1필지포레스텔빌딩101,37.5200952,126.928809
영등포구,GS25,문래LG,서울 영등포구 문래동3가 55-5,37.517427,126.8964674
영등포구,GS25,문래공원점,서울 영등포구 도림로 441-1 (문래동2가 15-1),37.51443750000001,126.8938421
영등포구,GS25,문래에이스점,"서울 영등포구 경인로 775, 112호 (문래동3가 55-20, 에이스하이테크시티)",37.5147541,126.8989475
영등포구,GS25,신길역,서울 영등포구 경인로114가길 4 (영등포동1가 79-1),37.5181561,126.9140039
영등포구,GS25,양평보보점,"서울 영등포구 양산로7길 3, 105호 (양평동3가 17-1, 우림보보카운티오피스텔)",37.5257847,126.8871609
영등포구,GS25,양평중앙,서울 영등포구 양평동4가 161-6,37.5372647,126.8971251
영등포구,GS25,"한강양화2호점
(구.양화무궁화점)",서울 영등포구 양화동 32-2번지,37.54500280000001,126.8948508
영등포구,GS25,"한강양화1호점
(구.양화진달래점)",서울 영등포구 양화동 100-2번지,37.547998,126.8890757
영등포구,GS25,여의타워,서울 영등포구 여의도동 61-5리버타워102,37.5194099,126.9386263
영등포구,GS25,영동초교,서울 영등포구 영등포동8가 48-1 1층,37.5271498,126.9064012
영등포구,GS25,영등포경남,서울 영등포구 영등포동7가 69-9,37.5242531,126.9047258
영등포구,GS25,영등포로타리,서울 영등포구 영등포동4가 65-3번지,37.5190884,126.9049974
영등포구,미니스톱,대림두암점,대림로29길 24(대림3동),37.4950313,126.8968885
영등포구,미니스톱,신길대신점,도신로60길 2(신길1동),37.5117865,126.9168026
영등포구,미니스톱,신길점,도림로 322(신길3동),37.5063896,126.9019089
영등포구,미니스톱,여의IFC점,국제금융로2길 7(여의도동),37.5245965,126.9268778
영등포구,세븐일레븐,세븐일레븐 당산역본점,서울시 영등포구 당산동6가 306-1 그린빌 101호,37.5349234,126.9022436
영등포구,세븐일레븐,세븐일레븐 대방역점,서울시 영등포구 신길도 1300 정오빌딩 1층 9호,37.5326488,126.9048943
영등포구,GS25,GS타임스퀘어점,영등포구 영중로 15,37.5172832,126.9035233
동작구,GS25,사당남사,동작구 동작대로17길10(사당동1005-54),37.4828665,126.9807855
동작구,미니스톱,사당점,동작구 사당동 1030-10,37.4799978,126.9808647
동작구,CU,사당태양점,동작구 사당동 71-1번지,37.4909808,126.9810844
동작구,GS25,사당이화,"동작구 동작대로35길18, 1층(사당동39-18)",37.4911002,126.981385
동작구,세븐일레븐,사당동작점,동작구 사당동 67-6,37.4922679,126.9792735
동작구,세븐일레븐,동작남성점,동작구 사당로23길 2  1층(사당동),37.4841916,126.977415
동작구,세븐일레븐,롯데캐슬점,동작구 사당동 1132,37.4907769,126.9725122
동작구,세븐일레븐,사당6호점,동작구 사당동 202-28,37.48779210000001,126.9648595
동작구,씨스페이스,흑석중앙대점,동작구 흑석동 52-1,37.50772070000001,126.9632993
동작구,CU,노량진초교점,동작구 노량진동 50-2,37.5121237,126.9404804
동작구,CU,노량진중심점,동작구 노량진동 231-112,37.5084557,126.9403176
동작구,CU,동작구청2호점,동작구 노량진동 244-12,37.5118702,126.938977
동작구,CU,동작구청점,동작구 노량진동 244-67,37.5122306,126.9382522
동작구,세븐일레븐,노량진역점,동작구 노량진동 71-4 이데아빌딩1층,37.51342959999999,126.9421412
동작구,CU,상도삼성점,동작구 상도동 450번지 래미안1차@ 상가동,37.5047902,126.9339855
동작구,CU,상도약수점,동작구 상도동 211-225,37.49905529999999,126.9443183
동작구,세븐일레븐,리버파크점,동작구 노량진동 201.202호,37.5116108,126.9418959
동작구,세븐일레븐,상도한마을점,동작구 상도동 312,37.4989432,126.932392
동작구,CU,사당갯마을점,동작구 동작동 102-31 환빌딩B,37.4964043,126.9823164
동작구,CU,신대방사랑점,동작구 신대방동 360-115,37.496885,126.9255961
동작구,GS25,동작우체국,동작구 여의대방로22길 78,37.497698,126.9243173
동작구,GS25,동작역점,"동작구 현충로257,431-02호
(동작동327-1)",37.5019929,126.9801888
동작구,미니스톱,대방점,동작구 대방동 393-65,37.5000024,126.9282619
동작구,미니스톱,보라매점역,동작구 대방동 400-3,37.4994765,126.920655
동작구,세븐일레븐,대방점,동작구 대방동 37-2,37.5117555,126.9317321
동작구,세븐일레븐,보라매점,동작구 신대방동 395-69 아카데미1층,37.4913311,126.924105
동작구,세븐일레븐,대방성남점,동작구 대방동 376-5,37.5044467,126.9251509
동작구,CU,상도역점,동작구 상도동 705번지,37.4987343,126.9440592
동작구,세븐일레븐,신대방삼거리점,동작구 대방동 405-11 코스모빌딩104,37.4994648,126.9279007
동작구,세븐일레븐,동작대리점,동작구 상도동 509-2,37.4945613,126.960552
동작구,세븐일레븐,사당남성점,동작구 사당동 272-38,37.4829139,126.9710631
관악구,CU,관악낙성점,솔밭로 5,,
관악구,CU,관악리베로점,봉천로4길 58,37.4871894,126.9243793
관악구,CU,관악미림점,호암로20길 1,37.46779069999999,126.9321719
관악구,CU,관악브라운점,관악로29길 6-14,37.4870323,126.956867
관악구,CU,관악샛별점,조원로 87,37.4846013,126.9119477
관악구,CU,관악에스식스점,양지5길 2,37.4715709,126.9312448
관악구,CU,관악진우점,남부순환로 1536,37.482774,126.9213177
관악구,CU,낙성대역점,봉천로 604-1,37.4758783,126.9642536
관악구,CU,서림태양점,쑥고개로 1564-55,37.4786317,126.9437736
관악구,GS25,관악봉천,관악로17길 25,37.48072459999999,126.9502733
관악구,GS25,관악세봉,관악로 125 상가 101호,37.4761517,126.9520785
관악구,GS25,관악원앙,남부순환로 218길 46,37.4793694,126.9500403
관악구,GS25,관악푸르지오,관악로30길 17,37.4865381,126.9589707
관악구,GS25,관악한일,승방2길 2,37.4739831,126.9813371
관악구,GS25,관악행운,남부순환로245길 9,37.4772147,126.9650441
관악구,GS25,남현번영,승방4길 27,37.4748957,126.9804379
관악구,GS25,봉천동부,은천로 143,37.4866027,126.9513353
관악구,GS25,봉천동신,봉천로21나길 35 1층,37.4888662,126.9361919
관악구,GS25,봉천번영,관악로14가길 45,37.47643559999999,126.9555549
관악구,GS25,뉴신림로데오,봉천로6길 30,37.4883254,126.9254702
관악구,GS25,신림성화,남부순환로 1578,37.4835221,126.9259171
관악구,GS25,신림왕성,신림로 304,37.4813637,126.9302305
관악구,GS25,인헌마루,인헌길 141,37.46957440000001,126.9686215
관악구,GS25,난곡로점,난곡로 288,37.4796586,126.9151723
관악구,미니스톱,봉천남부점,남부순환로 1716,37.4825304,126.9405866
관악구,미니스톱,신림본점,신림로 270,37.4790037,126.932176
관악구,미니스톱,관악정옥점,관악로 15길 39,37.48031840000001,126.9501562
관악구,미니스톱,신림양지점,신림로68길 10,37.4864386,126.929914
관악구,미니스톱,신대방역점,난곡로 348,37.4850577,126.9141078
관악구,미니스톱,보라매점,봉천로 214,37.489643,126.9252617
관악구,세븐일레븐,관악구청점 B,관악로 154,37.4789349,126.9526398
관악구,세븐일레븐,봉천1호점,남부순환로 1766,37.4816914,126.9460954
관악구,세븐일레븐,봉천해주점,봉천로 466,37.4819698,126.9516155
관악구,세븐일레븐,서울대동아점,관악로 167,37.4802911,126.9522371
관악구,세븐일레븐,서울대서진점,관악로17길 3,37.48064189999999,126.9515277
관악구,세븐일레븐,신림점 B,호암로24길 6,37.4699025,126.9335554
관악구,세븐일레븐,신사시장점  ,남부순환로 153길 35,37.4840641,126.916313
관악구,세븐일레븐,은천점,봉천로 335 ,37.48527869999999,126.9379659
관악구,세븐일레븐,세븐일레븐 신림녹두점,신림로97 가동,37.4702245,126.9385965
관악구,세븐일레븐,세븐일레븐 신림문화점,신림동길 15,37.4871359,126.9270388
관악구,씨스페이스,구로공단점,조원로 6,37.4833762,126.9027236
서초구,CU,서초염곡점(내곡),서울특별시 서초구 염곡동 106-7번지,37.4620393,127.0522475
서초구,CU, 반포중앙점(반포1동),서초구 사평대로53길 27,37.5054496,127.0213603
서초구,세븐일레븐,반포공원점(반포1동),서초구 사평대로55길 123,37.50923119999999,127.0203432
서초구,GS25,반포제일(반포1동),서초구 사평대로53길 103,37.5087269,127.0197817
서초구,GS25,반포중앙점(반포1동),서초구 사평대로55길 37,37.5056816,127.0220333
서초구,GS25,반포타운(반포1동),서초구 사평대로53길 36,37.5060615,127.0213503
서초구,미니스톱,서초반포점(반포1동),서초구 사평대로57길 44,37.5063968,127.0227366
서초구,세븐일레븐,반포3호점(반포3동),서초구 잠원동76-7,37.505789,127.0012603
서초구,미니스톱,반포삼공점(반포4동),서초구 반포4동 58-7,37.4996287,127.0024768
서초구,세븐일레븐,반포서래점(반포4동),서초구 서래로6길4 가나빌딩 1층,37.4977009,126.9985152
서초구,GS25,구반포역(반포본동),"서초구 신반포로3길 7, E블록 2-1호(반포동 817)",37.5016398,126.9861934
서초구,세븐일레븐,반포2호점(반포본동),서울시 서초구 신반포로 41,37.5042353,126.9921817
서초구,GS25,방배브라운,서울 서초구 방배로 146 (방배동 898-6),37.486944,126.994391
서초구,세븐일레븐,방배17호점(방배2동),서초구 도구로 77(방배동 957-3),37.4834062,126.9866645
서초구,미니스톱,방배동광점(방배2동),서초구 방배천로2안길 17(방배동 450-8),37.477767,126.983725
서초구,미니스톱,사당역점(방배2동),서초구 방배천로 5-3(방배동 445-5),37.4770469,126.9822315
서초구,미니스톱,이수세양점(방배2동),서초구 서초대로 12(방배동 421-1),37.4850334,126.9836928
서초구,미니스톱,방배본점(방배3동),서울특별시 서초구 방배3동 477-8,37.4760061,126.9961955
서초구,미니스톱,방배중앙점(방배3동),서울특별시 서초구 방배3동  985-20,37.4760061,126.9961955
서초구,미니스톱,방배현대점(방배3동),서울특별시 서초구 방배3동 982-2,37.4760061,126.9961955
서초구,GS25,방배E푸른 ,"서초구 서초대로 27길 57, 1층 ",37.4904482,126.9934368
서초구,CU,방배이수역점,서초구 동광로12가길 26 ,37.487464,126.9835393
서초구,세븐일레븐,반포사평로점(방배본동),서초구 사평대로6길 7 (방배동),37.4977728,126.9909055
서초구,세븐일레븐,방배8호점(방배본동),서초구 방배중앙로 185 (방배동),37.4955488,126.9855566
서초구,CU,방배롯데캐슬점(방배본동),서초구 방배중앙로29길 25 왕성빌딩 (방배동),37.4964057,126.9840365
서초구,미니스톱,방배홈타운점(방배본동),서초구 동광로 9 (방배동),37.4910429,126.9840457
서초구,세븐일레븐,서초19호점(서초1동),서초구 사임당로17길 113(서초동 1668-12),37.4933754,127.0187889
서초구,CU,서초도시점(서초1동),서울특별시 서초구 서초동 1679-5번지,37.4952325,127.0208059
서초구,GS25,서초아남(서초1동),서울 서초구 서초동 1635-6 1층,37.4933115,127.0215653
서초구,GS25,서초팰리스점(서초2동),서울 서초구 효령로72길,37.4866019,127.0271393
서초구,미니스톱,삼성타운점(서초2동),서울특별시 서초구 서초2동 1327-1,37.49582789999999,127.0273532
서초구,세븐일레븐,서초퍼스트점(서초2동),서초동1344-29,37.486997,127.0270111
서초구,세븐일레븐,양재역점(서초2동),서초동 257-1,37.48279429999999,127.0339508
서초구,미니스톱,서초남부점(서초3동),서울특별시 서초구 서초3동 1454-3,37.48274869999999,127.0147548
서초구,GS25,서초대림(서초3동),서울특별시 서초구 서초3동 1467-65,37.4803421,127.0076404
서초구,GS25,서초동일(서초3동),서울 서초구 서초동 1568-5 1층,37.4906219,127.0133925
서초구,미니스톱,서초라디안점(서초3동),서울특별시 서초구 서초3동  1600-7 동양라디안,37.4857649,127.0146862
서초구,미니스톱,서초이오빌(서초3동),서울특별시 서초구 서초3동 1593-7,37.4865561,127.0128914
서초구,CU,서초효령점(서초3동),서울특별시 서초구 서초3동  1589-12오영빌딩1,37.4858565,127.0134522
서초구,세븐일레븐,강남본점 B(서초4동),서초구 서초대로77길 27 (서초동 1307-28),37.5000702,127.0254235
서초구,GS25,서초디오빌점(서초4동),서초구 서초대로73길 54 (서초4동 1309-1) 디오빌상가 110호,37.50204430000001,127.0240125
서초구,세븐일레븐,서초프라자점(서초4동),서초구 강남대로61길 25 (서초동 1316-1),37.4983878,127.0239729
서초구,GS25,서초우면(양재1동),서울 서초구 우면동 한일프라자 104,37.46593379999999,127.0179442
서초구,미니스톱,양재대로점(양재1동),서울특별시 서초구 양재1동 13-14,37.4831003,127.0365653
서초구,미니스톱,양재으뜸점(양재1동),서울특별시 서초구 양재1동 8-71,37.48355129999999,127.0382301
서초구,CU,우면프라자점(양재1동),서울특별시 서초구 우면동 721-1번지 우면프라자 104호,37.4645285,127.0255453
서초구,GS25,서초LG점(양재2동),서울 서초구 양재대로11길 19 (양재동 221),37.4610144,127.0345456
서초구,GS25,양재구룡(양재2동),서울 서초구 논현로 5길 18 1층(쌍용빌딩),37.4721238,127.0489024
서초구,미니스톱,양재그린점(양재2동),서울특별시 서초구 양재2동 242-8,37.4720593,127.0394267
서초구,CU,양재알뜰점(양재2동),서울특별시 서초구 양재동 254-5번지,37.4738333,127.042591
서초구,CU,청계산입구역점(양재2동),서울특별시 서초구 신원동214번지,37.4441742,127.062145
서초구,CU,논현최강(잠원동),"서울 서초구 신반포로 329, 1층 1,2호 (잠원동 40-9, 세기빌딩)",37.51080839999999,127.0194965
서초구,미니스톱,잠원점(잠원동),서울특별시 서초구 신반포로43길 23-4,37.511271,127.017416
강남구,CU,강남시티점,서울특별시 강남구 역삼동 703-8번지,37.5043176,127.044641
강남구,CU,강남푸르지오점,서울특별시 강남구 역삼1동 825-20번지,37.4977256,127.0292972
강남구,CU,개포사랑,강남구 선릉로10길 4,37.4831042,127.0606611
강남구,CU,대치동부점,서울시 강남구 대치동 891-42번지,37.5056259,127.0552143
강남구,CU,대치메트로칸점,서울시 강남구 대치동 943-24번지 110호,37.5068833,127.059437
강남구,CU,대치세정점,서울시 강남구 대치동 961-13번지,37.5026803,127.0591664
강남구,CU,대치예영,서울시 강남구 대치동 932-36 (삼성로63길 5 예영빌딩 1층),37.49985,127.0596579
강남구,CU,대치우일점,서울특별시 강남구 대치동 907번지 한협빌딩 101호,37.5011727,127.0508237
강남구,CU,대치한국점,서울시 강남구 대치동 889-75번지,37.503303,127.0503179
강남구,CU,선릉SK허브점,서울특별시 강남구 역삼동 708-26번지 SK허브오피스텔,37.5036673,127.0487352
강남구,CU,선정릉역점,서울특별시 강남구 삼성동 37-16번지,37.5108813,127.0447634
강남구,CU,신사현대점,서울특별시 강남구 신사동 613-3번지,37.5272323,127.0301438
강남구,CU,역삼가화점,서울시 강남구 역삼동 774-4번지 가화주택 101호,37.4960125,127.0426953
강남구,CU,역삼건화점,서울특별시 강남구 역삼동 788-26번지,37.493472,127.0419025
강남구,CU,역삼경남점,서울시 강남구 역삼동 722번지 경남아너스빌 상가 101호,37.5005712,127.0423112
강남구,CU,역삼벚꽃길점,서울시 강남구 역삼동 835-6번지 송현빌딩 주 1층 1동,37.4912672,127.0349106
강남구,CU,역삼사랑점,서울시 강남구 역삼동 689-34번지,37.5070296,127.0408256
강남구,CU,역삼에클라트점,서울특별시 강남구 역삼동 736-24번지 엘지에클라트 101호,37.498543,127.0350412
강남구,CU,역삼유토빌점,서울특별시 강남구 역삼동 735-11번지 101호,37.4988383,127.0334788
강남구,CU,역삼점,서울특별시 강남구 역삼동 705번지,37.5047612,127.0469874
강남구,CU,역삼카이로스점,서울특별시 강남구 역삼동 837-2번지,37.4917118,127.0316007
강남구,CU,역삼포스틸점,서울시 강남구 역삼동 735-32번지,37.49908509999999,127.0341478
강남구,CU,역삼푸르지오점,서울특별시 강남구 역삼동 761-2번지,37.4969456,127.0463746
강남구,CU,역삼푸른점,서울특별시 강남구 역삼동 837-8번지,37.4904546,127.032296
강남구,CU,역삼하나점,서울특별시 강남구 역삼동 627번지,37.5042741,127.0341751
강남구,CU,역삼형지점,서울특별시 강남구 역삼동 797-16번지,37.4944508,127.0396341
강남구,CU,역삼화랑점,서울특별시 강남구 역삼동 790-20번지,37.4947046,127.0376598
강남구,CU,큰길타워점,서울특별시 강남구 역삼동 677-25번지,37.5023658,127.0407171
강남구,CU,역삼시티점,서울특별시 강남구 역삼동649-4번지,37.4998788,127.0304186
강남구,CU,도곡아이파크점,서울특별시 강남구 도곡동543-7번지 도곡1차아이파크아파트,37.4921212,127.0432091
강남구,CU,강남거평타운점,서울특별시 강남구 논현동203-1번지,37.5058893,127.0282231
강남구,CU,논현강남점,서울특별시 강남구 논현동118번지,37.5171412,127.0389353
강남구,CU,대치태양점,서울특별시 강남구 대치동921-17번지,37.49914330000001,127.0524738
강남구,CU,역삼타운점,서울특별시 강남구 역삼동730-13번지,37.4987262,127.0430497
강남구,CU,논현한미점,서울특별시 강남구 논현동192-19번지,37.5074822,127.0334248
강남구,GS25,강남엘지,서울 강남구 삼성동 166-7건호빌딩,37.5119131,127.0654446
강남구,GS25,논현동우,"서울 강남구 봉은사로37길 13, 1층 (논현동 232-5)",37.5091799,127.0364875
강남구,GS25,논현한영,"서울시 강남구 논현동 229-26(논현로114길 11,  B1호, 혜광빌딩)",37.5088395,127.0343136
강남구,GS25,도곡,서울 강남구 도곡동 411-16,37.4857295,127.0447019
강남구,GS25,도곡럭키본,"서울 강남구 남부순환로365길 56, 104호 (도곡동 895-4)",37.4862349,127.0407444
강남구,GS25,삼성한울,서울 강남구 삼성로119길 37(삼성2동 26-17),37.515298,127.0485626
강남구,GS25,신사초롱,서울 강남구 논현로153길 46(신사동 555-13),37.5205318,127.0244524
강남구,GS25,역삼2,서울 강남구 역삼동 789-30번지,37.4941156,127.0355155
강남구,GS25,역삼블루,"서울 강남구 도곡로21길 18 (역삼1동 796-26, 삼정빌딩)",37.493285,127.0388452
강남구,GS25,청담본,서울 강남구 청담동 16-19 1층 101호,37.520683,127.0438927
강남구,GS25,청담중앙,서울 강남구 청담동 21-9,37.5226413,127.0421813
강남구,GS25,강남동원점,"서울 강남구 테헤란로77길 7(삼성2동 143-28, 동원빌딩)",37.506918,127.0544715
강남구,GS25,역삼테헤란,"서울 강남구 테헤란로33길 7, 1층 A호(역삼1동 678-28)",37.5023104,127.0393096
강남구,GS25,역삼프라임,서울 강남구 테헤란로37길 41 (역삼1동 673-18),37.5049668,127.0396604
강남구,GS25,세곡래미안,"서울 강남구 자곡동 강남보금자리주택지구A6BL상가B01,B02",37.4762779,127.1003704
강남구,GS25,청담타운,"서울 강남구 삼성로145길 16, 1층 (청담동 7-9, 청원빌딩)",37.5225416,127.0469118
강남구,GS25,강남리츠칼튼점,서울 강남구 강남대로110길 26 (역삼동 811-4),37.5036062,127.0269675
강남구,GS25,포이점,"서울 강남구 개포로22길 40, 1층 (개포4동 1219-5)",37.4765464,127.0493226
강남구,GS25,포이그린,서울 강남구 개포로25길 15(개포4동 1255-6),37.4799951,127.0479908
강남구,GS25,개포소망,"서울 강남구 개포로 508, 109호,110호 (개포2동 186-15, 소망빌딩)",37.4892091,127.0679609
강남구,GS25,강남나누리,"서울 강남구 언주로147길 10, 1층 (논현동 63-19)",37.5200269,127.0333886
강남구,GS25,개포사랑,"서울 강남구 논현로8길 21, 1층 (개포동 1187-6)",37.4744436,127.0504635
강남구,GS25,역삼소망점,서울 강남구 봉은사로26길 26 (역삼동 608-12),37.5053998,127.0336464
강남구,GS25,삼성승리점,서울 강남구 테헤란로63길 17 (삼성동 140-35),37.5064845,127.0500369
강남구,GS25,개포럭키점,서울 강남구 개포로20길 12(개포4동 1232),37.4779337,127.0472578
강남구,GS25,일원으뜸,"서울 강남구 일원로5길 6, 1층 (일원1동 682)",37.4906452,127.0815162
강남구,GS25,역삼지에스점,"서울 강남구 봉은사로30길 78, 1층 (역삼동 668-21)",37.5024948,127.037014
강남구,GS25,지에스본점,"서울 강남구 논현로93길 3, 1층 (역삼동 642-5, 호양빌딩)",37.5018798,127.0358901
강남구,GS25,논현학동점,서울 강남구 논현로146길 11(논현2동 66-35),37.51823359999999,127.0299141
강남구,GS25,논현이편한,  서울 강남구 논현동 195-1외2필지논현이편한세상,37.5068611,127.02875
강남구,GS25,논현보람,서울 강남구 논현동 254-22번지 1층,37.5136723,127.0410236
강남구,GS25,역삼대홍점,서울 강남구 논현로63길 19(역삼1동 798-29),37.4924882,127.0393437
강남구,GS25,역삼싱아,"서울 강남구 논현로72길 13, 1층 (역삼동 769-8, MSPACE빌딩)",37.4958415,127.0405444
강남구,GS25,역삼제일,서울 강남구 언주로108길 6 (역삼1동 688-1),37.5078061,127.0400831
강남구,GS25,삼성그린,"서울 강남구 삼성로107길 31, 1층 (삼성동 123-4)",37.5107821,127.051557
강남구,GS25,역삼아워홈,"서울 강남구 역삼로3길 10, 1층 (역삼동 830-28)",37.49425859999999,127.0316291
강남구,미니스톱,일원석탑점,서울시 강남구 개포동 12-4,37.4926936,127.0756284
강남구,미니스톱,논현힐탑점,서울시 강남구 논현동 175-1,37.5105758,127.0320667
강남구,미니스톱,논현한바위점,서울시 강남구 논현동 183-11,37.5068471,127.0257788
강남구,미니스톱,논현삼릉역점,서울시 강남구 논현동 278-19,37.5101679,127.0425617
강남구,미니스톱,논현보람점,서울시 강남구 논현동 86-4,37.5153052,127.0317835
강남구,미니스톱,대치멤버스점,서울시 강남구 대치동  891-26 대우아이빌,37.5050352,127.0537328
강남구,미니스톱,테헤란로점,서울시 강남구 대치동 891-6,37.5056874,127.054004
강남구,미니스톱,메트로칸점,서울시 강남구 대치동 943-24,37.5068833,127.059437
강남구,미니스톱,삼성역점,서울시 강남구 대치동 946,37.5082136,127.0622783
강남구,미니스톱,도곡역점,서울시 강남구 대치동(대치1동) 651,37.4922077,127.0573813
강남구,미니스톱,도곡센트레빌점,서울시 강남구 대치동(대치1동) 670-1,37.4912604,127.0556094
강남구,미니스톱,골드로즈점,서울시 강남구 대치동(대치4동) 890-59,37.5041507,127.0520978
강남구,미니스톱,대치시내점,서울시 강남구 대치동(대치4동) 940-6,37.4988033,127.0583171
강남구,미니스톱,도곡공원점,서울시 강남구 도곡동(도곡1동) 942-11,37.4896056,127.0333908
강남구,미니스톱,삼성플러스원점,서울시 강남구 삼성동 36-25,37.5116276,127.0449346
강남구,미니스톱,삼성현대점,서울시 강남구 삼성동(삼성1동) 160-22,37.5135312,127.0618471
강남구,미니스톱,신사증권점,서울시 강남구 신사동  610-4(압구정로 30길 18),37.5263176,127.0290336
강남구,미니스톱,신사제일점,서울시 강남구 신사동 590-22,37.5209178,127.0283945
강남구,미니스톱,압구정3점,서울시 강남구 신사동 636-2,37.52760850000001,127.033949
강남구,미니스톱,압구정로데오점,서울시 강남구 신사동 657-28,37.525994,127.0383821
강남구,미니스톱,역삼충현점,서울시 강남구 역삼동 659-20,37.5056709,127.0354612
강남구,미니스톱,역삼만남점,서울시 강남구 역삼동(역삼1동) 827-70,37.4956043,127.0318223
강남구,미니스톱,역삼태극점,서울시 강남구 역삼동(역삼1동) 831-3,37.4947875,127.0300669
강남구,미니스톱,역삼태광점,서울시 강남구 역삼동(역삼2동) 719-9,37.5010982,127.0402477
강남구,미니스톱,역삼디오빌점,서울시 강남구 역삼동(역삼2동) 720-25,37.5014561,127.0426891
강남구,미니스톱,청담유시어터점,서울시 강남구 청담동(청담동) 21-17,37.5220687,127.041532
강남구,미니스톱,삼성베스트점,서울시 강남구 삼성동 152,37.5108549,127.0557384
강남구,미니스톱,강남센터점,서울시 강남구 역삼동 816-4 강남대로96길 5,37.4998285,127.027454
강남구,세븐일레븐,개포1호점,개포동 168-11,37.4836296,127.059766
강남구,세븐일레븐,개포2호점,개포3동 186-17,37.489529,127.066045
강남구,세븐일레븐,거평타운점 B,논현동 203-1 거평오피스탈 1층 3호,37.5058893,127.0282231
강남구,세븐일레븐,논현12호점,서울시 강남구 논현1동 139,37.5111992,127.0256393
강남구,세븐일레븐,논현13호점,논현동 113-16,37.5170117,127.0375043
강남구,세븐일레븐,논현경복점,서울 강남구 논현동 273-13,37.5105887,127.0394016
강남구,세븐일레븐,대치10호점,대치1동 919-16,37.4994977,127.0535786
강남구,세븐일레븐,대치6호점,서울시 강남구 대치2동 894-3 동아빌딩,37.5047106,127.0557345
강남구,세븐일레븐,대치으뜸점,서울 강남구 대치동 960-15번지,37.5040636,127.0596603
강남구,세븐일레븐,대치점,대치동 511,37.4933928,127.0673501
강남구,세븐일레븐,삼성10호점,서울 강남구 삼성동 27-17,37.5140146,127.0483999
강남구,세븐일레븐,삼성8호점,삼성동 41-21,37.5121587,127.0468847
강남구,세븐일레븐,삼성동래미안점,"삼성동 7-2 레미안아파트 상가 101, 102호",37.5158631,127.0645113
강남구,세븐일레븐,세븐포이3호점,포이동 196,37.4887607,127.0739921
강남구,세븐일레븐,역삼22호점,서울 강남구 역삼동 773번지,37.4973421,127.0442752
강남구,세븐일레븐,역삼8호점,서울시 강남구 역삼동 813-18,37.5019478,127.0267345
강남구,세븐일레븐,역삼진선점 B,서울특별시 강남구 역삼2동 708-34 유화빌딩 1층   ,37.5029304,127.0488578
강남구,세븐일레븐,역삼타운점 B,역삼동 827-44,37.4969697,127.0309307
강남구,세븐일레븐,청담루나점,청담동72-3,37.5233931,127.0479736
강남구,세븐일레븐,세븐일레븐 대치선릉로점,서울 강남구 테헤란로68길 33,37.5031952,127.0531199
강남구,세븐일레븐,세븐일레븐 개포본점,서울 강남구 개포로28길 15 1층,37.4781007,127.049966
강남구,세븐일레븐,세븐일레븐 논현제일점,서울 강남구 선릉로 641 우암빌딩,37.5208471,127.0397148
강남구,세븐일레븐,세븐일레븐 KT강남점,서울 강남구 언주로 517 102호/202호,37.5046469,127.0412634
강남구,씨스페이스,삼성1점, 서울시 강남구 삼성동 106-6,37.5151738,127.0606537
송파구,CU,가락극동점,송파구 가락동 194-2(동남로18길14),37.4947768,127.1307155
송파구,CU,문정공원점,송파구 문정동 121-7(송이로31길6),37.4883841,127.1319752
송파구,CU,방이방산점,송파구 방이동 211-6(마천로2),37.5014559,127.1419664
송파구,CU,오금공원점,송파구 오금동 72-9(마천로138),37.5075159,127.1282551
송파구,CU,잠실갤러리아점,"송파구 잠실3동40,갤러리아팰리스1동109호(올림픽로212)",37.5111034,127.0939188
송파구,CU,잠실현대점,"송파구 잠실동 337-3(잠실본동, 백제고분로20길 7-1)",37.504042,127.0862326
송파구,CU,방이가락로점,송파구 방이동162(가락로42길14),37.5126117,127.1212582
송파구,GS25,문정퍼스트점,"송파구 장지동 99-7, 1층 3,4호(새말로154)",37.4843804,127.130616
송파구,GS25,방이도곡점,송파구 방이동 107-3(올림픽로32길59),37.5122151,127.1128044
송파구,GS25,방이번영점,송파구 방이동 203-4(위례성대로18길 28),37.5100991,127.1248768
송파구,GS25,방이시장점,송파구 방이동 122-7(백제고분로48길 40),37.5061906,127.0803199
송파구,GS25,삼전나루점,"송파구 삼전동 16, 1층(백제고분로21길34)",37.5065359,127.0914138
송파구,GS25,삼전백제점,"송파구 삼전동 120, 1층(삼학사로13길13)",37.5032255,127.0955216
송파구,GS25,삼전학교점,"송파구 삼전동 69-13, 1층(백제고분로28길41)",37.4993387,127.0909662
송파구,GS25,석촌한빛점,"송파구 석촌동 245-27, 1층(가락로5길25)",37.5015146,127.1012816
송파구,GS25,송파센타점,"송파구 송파동 17-10, 1층(백제고분로41길9)",37.5069358,127.1080757
송파구,GS25,송파위례점,"송파구 장지동 393(위례광장로121,꿈에그린 상가내 102호)",37.4774842,127.1385087
송파구,GS25,송파위례2호점,송파구 장지동(위례광장로163 한라비발디 상가내 101호),37.479192,127.1401365
송파구,GS25,위례푸르지오점,"송파구 장지동 878 , 상가동 103호(위례광장로 185, 송파푸르지오)",37.4808631,127.1407395
송파구,GS25,오금후레쉬점,"송파구 오금동 58-10, 1층(동남로23길 29)",37.502129,127.1337934
송파구,GS25,마천공원점,송파구 마천동 47-7(거마로24길 5),37.4972641,127.1459321
송파구,GS25,문정바른점,송파구 문정동 76-1(새말로8길 27),37.4802837,127.1269729
송파구,GS25,문정중앙점,"송파구 문정동 61-7, 1층(문정로4길 10-30)",37.4855287,127.1245922
송파구,GS25,잠실경기장점,송파구 잠실동 10-1(올림픽로 25),37.5136555,127.073467
송파구,GS25,송파일신점,송파구 송파동 180-4(송파대로36가길 1),37.501021,127.1146069
송파구,미니스톱,송파삼성점,송파구 송파동 148-3(가락로28길15),37.5064436,127.1170149
송파구,미니스톱,방이본점,송파구 방이동(방이2동) 112(백제고분로48길10),37.5112986,127.1142552
송파구,미니스톱,방이올림픽점,송파구 방이동(방이2동) 49-5(오금로11길59),37.51573690000001,127.1127042
송파구,미니스톱,삼전점,송파구 삼전동 46(백제고분로22길9),37.5029444,127.0892896
송파구,세븐일레븐,가락송이점,송파구 가락동 120(송이로160),37.4927376,127.1248755
송파구,세븐일레븐,가락점,송파구 가락동 57(송이로111),37.49671670000001,127.1222057
송파구,세븐일레븐,개롱점,송파구 가락동 175-13(오금로46길3),37.496676,127.136573
송파구,세븐일레븐,석촌3호점,송파구 석촌동 285-4(백제고분로 354),37.5042333,127.1056198
송파구,세븐일레븐,석촌불광점,송파구 석촌동 182(백제고분로39길38),37.5074555,127.1032773
송파구,세븐일레븐,송파4호점,송파구 삼전동 22-20(백제고분로27길41),37.5066994,127.0939059
송파구,세븐일레븐,송파거여점,송파구 거여동 348(양산로8길5),37.4919716,127.1445451
송파구,세븐일레븐,송파구청본점,송파구 방이동 70(올림픽로32길29),37.5135041,127.1099956
송파구,세븐일레븐,송파석촌점,"송파구 석촌동 211-5, 101호(백제고분로34길8)",37.5017769,127.0986062
송파구,세븐일레븐,송파역점,"송파구 송파동 195-6, 101호(송파대로38길2-9)",37.5001376,127.1124564
송파구,세븐일레븐,송파점,송파구 송파동 100-1(송이로18),37.5033638,127.1157788
송파구,세븐일레븐,송파중앙점,"송파구 잠실동 231-4(잠실본동, 삼전로13길49)",37.5077309,127.0849652
송파구,세븐일레븐,송파초교점,송파구 송파동 132-16(백제고분로44길9),37.5073539,127.1116882
송파구,세븐일레븐,신천본점,"송파구 잠실동 203(잠실본동, 백제고분로9길30)",37.5096079,127.0824398
송파구,세븐일레븐,오금현대점,송파구 오금동 46-4(오금로35길18),37.506591,127.1293905
송파구,세븐일레븐,올림픽점,송파구 방이동 89-11(양재대로1222),37.5158257,127.1322182
송파구,세븐일레븐,잠실1호점,"송파구 잠실동 228-9(잠실본동, 백제고분로127)",37.5064699,127.0814218
송파구,세븐일레븐,잠실광장점,"송파구 잠실동 245-16, 103호(잠실본동, 삼전로9길6)",37.5063591,127.0887791
송파구,세븐일레븐,장지대진점,"송파구 장지동 841-3, 대진프라자 104호(충민로2길26)",37.4774526,127.1273393
송파구,세븐일레븐,훼미리점,송파구 문정동 150(중대로24),37.4954692,127.1244142
송파구,세븐일레븐,세븐일레븐 신천제일점,"송파구 잠실동 206(잠실본동, 백제고분로7길 42-25)",37.5097775,127.0840237
송파구,세븐일레븐,세븐일레븐 문정하비오2호점,"송파구 문정동 618(송파대로 111 하비오길 중앙로 110동 113,114호)",37.4806043,127.1236664
송파구,세븐일레븐,세븐일레븐 문정공원점,"송파구 문정동 63-9(문정로4길 10, 1층)",37.4853786,127.1258876
송파구,세븐일레븐,세븐일레븐 풍납점,송파구 풍납2동 265-7(토성로 40),37.5297561,127.1146204
송파구,씨스페이스,잠실점,송파구 잠실동(잠실본동) 297-3(백제고분로12길10),37.5053642,127.0807777
송파구,CU,잠실방이점,송파구 올림픽로32길 3,37.5157173,127.1089624
강동구,세븐일레븐,세븐일레븐 성내삼성점,강동구 성내로9길 35(성내동 534-7) ,37.530476,127.1250783
강동구,CU,성내새빛점,강동구 천호옛12길18(성내동135-1),37.53472379999999,127.1254562
강동구,GS25,성내스타, 강동구 풍성로37길 41(성내동 139-4),37.5337132,127.126343
강동구,GS25,성내신공원,강동구 성안로13길 38(성내동 505-4),37.5319021,127.1302352
강동구,GS25,성내이안,강동구 천호대로162길 34(성내동 25-1),37.535537,127.1279452
강동구,GS25,성내제일,"강동구 천호대로170길 66,(성내동 501-21)",37.5326078,127.1320271
강동구,GS25,성내하이츠,강동구 양재대로95길 47(성내동 410-4),37.5371863,127.1250111
강동구,GS25,둔촌역,강동구 양재대로 1367(성내동 416-4),37.5283832,127.1359278
강동구,세븐일레븐,강동오륜점,강동구 양재대로81길 30(성내동 442-10),37.5353956,127.1271412
강동구,GS25,천호타운,"강동구 천중로35길 66,(천호1동 48-1)",37.5439887,127.1385983
강동구,GS25,천호중앙점,강동구 상암로162(천호동 39-14),37.54577039999999,127.1404478
강동구,CU,천호고분,구천면로33길 11(천호동 398-3),37.5423516,127.1303471
강동구,GS25,천호역,강동구 올림픽로 651(천호2동 431-4),37.539762,127.1233299
강동구,미니스톱,천호현대점,강동구 천호2동 416-19,37.5442183,127.1250153
강동구,세븐일레븐,천호쌍용점,강동구 올림픽로 659(천호동 432-10),37.5403059,127.1235086
강동구,세븐일레븐,천호역점,서울 강동구 천호2동 429-2,37.5442183,127.1250153
강동구,GS25,천호후레쉬,강동구 천중로35길 11(천호동 112-5),37.541799,127.137266
강동구,GS25,강동암사,강동구 고덕로20마길 29(암사1동 469-30),37.5522054,127.1320446
강동구,GS25,암사성모,강동구 암사길54(암사동 478),37.5518206,127.1353559
강동구,GS25,암사시장,강동구 올림픽로98길 50(암사1동 496-11),37.5499696,127.1296145
강동구,GS25,암사우성,강동구 구천면로 361(암사동 422-13),37.5510341,127.1385663
강동구,GS25,암사햇살,강동구 구천면로47가길 33(암사1동 490-29),37.5489616,127.1328493
강동구,CU,암사한강점,강동구 암사동 442-1 한강현대아파트,37.5552084,127.1319244
강동구,GS25,암사현대,강동구 암사3동 400-5 현대@상가,37.554928,127.1408706
강동구,GS25,둔촌프라자,강동구 천호대로198길 32(둔촌2동 611-1),37.534538,127.1480603
강동구,CU,길동마루,강동구 양재대로 1465(길동 412-8),37.5368565,127.1392951
강동구,GS25,길동하이브,"강동구 진황도로 100(길동 456-2, 길동하이브)",37.5355811,127.1372969
강동구,GS25,우성스타,강동구 양재대로114길 31(길동 393-7),37.5421315,127.1517598
강동구,GS25,길동삼익,강동구 명일로 275(길동 48),37.5396157,127.1459293
강동구,세븐일레븐,강동길동점,강동구 양재대로113길 22(길동 379-18),37.5382768,127.1387635
강동구,세븐일레븐,길동으뜸점,강동구 천중로49길 26(길동338-3),37.5420928,127.1431531
강동구,세븐일레븐,길동제일점,강동구 천호대로1203(길동 148-2),37.535319,127.1447054
강동구,세븐일레븐,세븐일레븐 길동4호점,강동구 명일로210(길동 142-2),37.536981,127.1499711
강동구,미니스톱,명일스타점,강동구 고덕로38길 64(명일1동 312-140),37.5517064,127.1424204
강동구,세븐일레븐,명일삼익점,강동구 양재대로 128길 47(명일동 350-4),37.5445247,127.1454608
강동구,세븐일레븐,명일점,강동구 양재대로 1655(명일동 306-5),37.5533677,127.143904
강동구,세븐일레븐,세븐일레븐 강동고덕점,강동구 동남로75길 13-25(명일동 47-16),37.5530609,127.1555018
강동구,GS25,고덕,강동구 동남로81길 44(고덕1동 503),37.5600479,127.1545108
강동구,세븐일레븐,고덕광문점,강동구 동남로81길 10(고덕동 501-4),37.560718,127.1561362
강동구,씨스페이스,강동상일점, 서울시 강동구 상일동 437-8 1층,37.5464232,127.1713073
강동구,CU,강일5단지점,강동구 강일동 670(강일리버파크5단지상가),37.566257,127.1738824
강동구,GS25,성내한빛,강동구 천호대로168길 25(성내동 196-8),37.5343604,127.1323619
강동구,미니스톱,길동현대점,강동구 명일로200-34(길동 470-1),37.53657,127.1473235
강동구,GS25,성내삼성점,강동구 풍성로 135,37.5315745,127.1272259
강동구,CU,강풀만화거리점,강동구 천호대로 1034,37.5372561,127.1267111
